FTB_FUNCTION,FTB_TAB,FTB_RENTITY,FTB_VISIBLE,FTB_SELECT,FTB_UPDATE,FTB_INSERT,FTB_DELETE,FTB_DISPLAYFT,FTB_SYSREQUIRED,FTB_SEQ,FTB_SQLEXIST,FTB_UPDATECOUNT,FTB_ALTERSAVE,FTB_INTERFACECODE,FTB_MEKEY,FTB_EWSBTN,FTB_XTYPE,FTB_NODESIGN,FTB_DESIGNPOPUP,FTB_LASTSAVED,FTB_PRODUCT
CCJOBS,ACD,,'-,?,*,'+,X,'-,'-,26,,1,,,YN,'-,,'-,'-,2021-11-20 01:25:52,B
CCJOBS,ACK,ACT,'+,?,*,,,'-,'-,40,,1,,,YY,'-,listonly,'-,'-,2023-04-11 17:51:43,W
CCJOBS,ACO,,'+,?,,'+,,'-,'+,19,,0,,WEWOOC,YY,'-,listdetailview,'-,'-,2021-08-20 13:37:52,B
CCJOBS,ACT,ACT,'+,?,*,'+,X,'-,'+,4,,0,'+,WEACTJ,YY,'-,,'-,'-,2021-08-20 13:37:52,B
CCJOBS,ADR,,'-,?,*,'+,X,'-,'-,25,,0,,,YN,'-,,'-,'-,2021-08-20 13:37:52,B
CCJOBS,AQU,,'+,?,,'+,X,'-,'-,28,,1,'+,WEJOBA,YN,'-,listdetailview,'-,'-,2022-05-21 01:00:57,B
CCJOBS,BOO,BOOK,'+,?,,'+,,'-,'+,5,,0,'+,WEBOOK,YY,'-,listdetailview,'-,'-,2021-08-20 13:37:52,B
CCJOBS,CEC,,'+,?,,,,'-,'-,56,,1,,,YY,'-,listonly,'+,'-,2022-10-21 17:55:05,B
CCJOBS,CGO,OBJ,'+,?,*,,,'-,'-,34,,1,,JECAME,YN,'-,listonly,'-,'-,2022-10-21 17:55:05,B
CCJOBS,CLC,,'+,?,*,'+,X,'-,'-,49,,0,,,YY,'-,closingcomments,'+,'-,2021-08-20 13:37:52,M
CCJOBS,CLO,,'+,?,*,'+,X,'-,'+,7,,1,,,YY,'-,recordview,'-,'-,2023-04-11 17:51:43,B
CCJOBS,CMT,,'+,?,*,'+,X,'-,'+,3,,0,,,YY,'-,,'+,'-,2021-08-20 13:37:52,B
CCJOBS,CST,,'+,?,,,,'-,'+,13,,0,,WECOST,YY,'-,recordview,'-,'-,2021-08-20 13:37:52,W
CCJOBS,CTR,,'+,?,,,,'-,'-,24,,2,,,YN,'-,listonly,'+,'-,2022-05-21 01:00:57,B
CCJOBS,CWO,,'+,?,*,'+,X,'-,,16,,1,'+,,YY,'-,,'-,'-,2022-05-21 01:00:57,B
CCJOBS,DAE,,'+,?,*,'+,X,'-,'-,53,,0,,,YY,'-,listonly,'-,'-,2021-08-20 13:37:52,B
CCJOBS,DES,,'-,?,*,'+,X,'-,'-,22,,1,,,YY,'-,,'-,'-,2025-04-03 03:01:21,B
CCJOBS,DIW,,'+,?,,,,'-,'-,47,,1,,,YY,'-,listonly,'+,'-,2022-05-21 01:00:57,B
CCJOBS,DOC,,'+,?,*,'+,X,'-,,11,,0,,,YY,'-,,'-,'-,2021-08-20 13:37:52,B
CCJOBS,DPD,,'+,?,*,'+,X,,'-,59,,0,'+,WEDPDS,YY,'-,,'-,'-,2026-04-02 01:02:59,B
CCJOBS,EAC,EVAC,'+,?,*,'+,X,'-,'-,51,,1,'+,WEACMP,YY,'-,,'-,'-,2022-05-21 01:00:57,B
CCJOBS,EER,WOER,'+,?,*,'+,X,'-,'-,52,,1,'+,WEWOER,YY,'-,,'-,'-,2022-05-21 01:00:57,B
CCJOBS,EPO,,'+,?,*,'+,X,'-,'-,29,,0,'+,WEWOIN,YN,'-,,'-,'-,2021-08-20 13:37:52,B
CCJOBS,ERC,,'-,?,,,,'-,'-,21,,0,,,YN,'-,,'+,'-,2021-08-20 13:37:52,B
CCJOBS,ETP,OTP,'+,?,*,'+,X,'-,'-,27,,1,'+,WEWOCL,YN,'-,listdetailview,'-,'-,2021-11-20 01:25:52,B
CCJOBS,GPH,,'+,?,,,,'-,'-,38,,1,,,YY,'-,reportview,'-,'-,2022-05-21 01:00:57,B
CCJOBS,JBL,,'+,?,*,'+,X,'-,'-,18,,1,'+,WEJRPS,YN,'-,,'-,'-,2022-05-21 01:00:57,B
CCJOBS,JOB,ACT,'-,?,*,'+,X,'-,'-,41,,1,'+,WEACTJ,YY,'-,listdetailview,'-,'-,2022-05-21 01:00:57,B
CCJOBS,KSF,PCTN,'+,?,*,'+,X,'-,'-,39,,1,'+,WESFWO,YY,'-,listdetailview,'-,'-,2022-05-21 01:00:57,B
CCJOBS,LNO,EVNT,'-,?,,,,'-,'-,44,,0,,,YY,'-,linearoverview,'-,'-,2021-08-20 13:37:52,W
CCJOBS,MAP,,'+,?,*,,,'-,'-,48,,0,,,YY,'-,map,'+,'-,2021-08-20 13:37:52,M
CCJOBS,MDR,,'+,?,*,'+,X,'-,'-,32,,1,'+,WEJOBM,YN,'-,,'-,'-,2022-05-21 01:00:57,B
CCJOBS,MEC,,'+,?,*,'+,X,'-,'-,12,,0,'+,WEWOEQ,YY,'-,,'-,'-,2021-08-20 13:37:52,B
CCJOBS,NCF,NOCO,'+,?,*,'+,X,'-,'-,46,,0,'+,OENCOB,YY,'-,listdetailview,'-,'-,2021-08-20 13:37:52,B
CCJOBS,NCT,NOCF,'-,?,*,'+,X,'-,'-,54,,1,'+,OENCOB,YY,'-,listdetailview,'-,'-,2022-05-21 01:00:57,B
CCJOBS,ORD,,'+,?,,,,'-,'-,17,,1,,,YY,'-,listonly,'+,'-,2022-05-21 01:00:57,B
CCJOBS,PAR,,'+,?,*,'+,X,'-,'+,10,,0,,WEPART,YY,'-,listdetailview,'-,'-,2021-08-20 13:37:52,B
CCJOBS,PAS,,'-,?,*,'+,X,'-,'-,23,,0,'+,,YN,'-,,'-,'-,2021-08-20 13:37:52,B
CCJOBS,PEV,PERM,'+,?,*,'+,,'-,,30,,1,'+,,YN,'-,listdetailview,'-,'-,2022-05-21 01:00:57,B
CCJOBS,PFA,,'+,?,*,'+,X,'-,'-,31,,1,'+,WEJOBP,YN,'-,,'-,'-,2022-05-21 01:00:57,B
CCJOBS,PLA,,'-,?,*,'+,X,'-,'-,43,,1,'+,WEACTJ,YY,'-,listdetailview,'-,'-,2022-05-21 01:00:57,B
CCJOBS,REA,READ,'+,?,*,'+,X,'-,,9,,1,'+,WEMTRR,YY,'-,,'-,'-,2021-11-20 01:25:52,B
CCJOBS,RMR,,'+,?,,,,'-,'-,55,,1,,,YY,'-,listonly,'+,'-,2022-10-21 17:55:05,B
CCJOBS,RSL,,'+,?,,,,,'-,60,,0,'-,,YY,'-,listonly,'+,'-,2026-04-02 01:02:59,B
CCJOBS,RSS,,'+,?,*,'+,X,'-,'-,33,,2,'+,WEJOBR,YY,'-,,'-,'-,2022-05-21 01:00:57,B
CCJOBS,RWH,EVNT,'+,?,*,,,'-,'-,37,,0,'+,,YY,'-,listonly,'+,'-,2021-08-20 13:37:52,B
CCJOBS,RWO,EVNT,'+,?,*,,,'-,'-,36,,1,'+,,YY,'-,listonly,'-,'-,2022-10-21 17:55:05,B
CCJOBS,SCH,,'+,?,*,'+,X,'-,,8,,0,'+,WESCHD,YY,'-,listdetailview,'-,'-,2021-08-20 13:37:52,B
CCJOBS,SRQ,,'+,?,,,,'-,'-,20,,1,,,YN,'-,recordview,'-,'-,2022-10-21 17:55:05,B
CCJOBS,TOR,,'+,?,*,'+,X,'-,'-,15,,2,'+,WETLWO,YY,'-,listdetailview,'-,'-,2022-05-21 01:00:57,B
CCJOBS,TOU,,'+,?,*,'+,X,'-,'-,14,,0,'+,WETLUG,YY,'-,listdetailview,'-,'-,2021-08-20 13:37:52,B
CCJOBS,TPL,,'+,?,*,'+,X,'-,'-,35,,0,'+,WEPNTL,YY,'-,listdetailview,'-,'-,2021-08-20 13:37:52,B
CCJOBS,TRL,TRL,'+,?,,,,'-,'-,50,,2,,,YY,'-,listonly,'+,'-,2022-05-21 01:00:57,B
CCJOBS,TRTD,,'+,?,,,,'-,'-,99,,0,,,YY,'-,listdetailview,'-,'+,2021-08-20 13:37:52,W
CCJOBS,VBH,BOOK,'+,?,,'+,,'-,'-,6,,1,'+,WEVDBK,YY,'-,listdetailview,'-,'-,2022-05-21 01:00:57,B
CCJOBS,WEH,,'+,?,,,,'-,'-,58,,2,,,YY,'-,listonly,'+,'-,2024-10-03 02:13:01,B
CCJOBS,WFE,WFEV,'+,?,*,,,'-,'-,57,,0,,,YY,'-,listonly,'-,'-,2023-10-12 10:50:25,B
CCJOBS,WKM,WKMV,'+,?,*,'+,X,'-,'-,45,,2,'+,OEWKMV,YY,'-,,'-,'-,2022-05-21 01:00:57,B
CCJOBS,WOR,WORP,'-,?,*,'+,X,'-,'-,42,,1,'+,WEWORP,YY,'-,listdetailview,'-,'-,2022-05-21 01:00:57,B
TRJOBS,ACD,,'-,?,*,'+,X,'-,'-,26,,1,,,YN,'-,,'-,'-,2021-11-20 01:25:52,B
TRJOBS,ACK,ACT,'+,?,*,,,'-,'-,40,,1,,,YY,'-,listonly,'-,'-,2023-04-11 17:51:43,W
TRJOBS,ACO,,'+,?,,'+,,'-,'+,19,,0,,WEWOOC,YY,'-,listdetailview,'-,'-,2021-09-29 09:33:24,B
TRJOBS,ACT,ACT,'+,?,*,'+,X,'-,'+,4,,0,'+,WEACTJ,YY,'-,,'-,'-,2021-09-29 09:33:24,B
TRJOBS,ADR,,'-,?,*,'+,X,'-,'-,25,,0,,,YN,'-,,'-,'-,2021-09-29 09:33:24,B
TRJOBS,AQU,,'+,?,,'+,X,'-,'-,28,,1,'+,WEJOBA,YN,'-,listdetailview,'-,'-,2022-05-21 01:00:57,B
TRJOBS,BOO,BOOK,'+,?,,'+,,'-,'+,5,,0,'+,WEBOOK,YY,'-,listdetailview,'-,'-,2021-09-29 09:33:24,B
TRJOBS,CEC,,'+,?,,,,'-,'-,56,,1,,,YY,'-,listonly,'+,'-,2022-10-21 17:55:05,B
TRJOBS,CGO,OBJ,'+,?,*,,,'-,'-,34,,1,,JECAME,YN,'-,listonly,'-,'-,2022-10-21 17:55:05,B
TRJOBS,CLC,,'+,?,*,'+,X,'-,'-,49,,0,,,YY,'-,closingcomments,'+,'-,2021-09-29 09:33:24,M
TRJOBS,CLO,,'+,?,*,'+,X,'-,'+,7,,1,,,YY,'-,recordview,'-,'-,2023-04-11 17:51:43,B
TRJOBS,CMT,,'+,?,*,'+,X,'-,'+,3,,0,,,YY,'-,,'+,'-,2021-09-29 09:33:24,B
TRJOBS,CST,,'+,?,,,,'-,'+,13,,0,,WECOST,YY,'-,recordview,'-,'-,2021-09-29 09:33:24,W
TRJOBS,CTR,,'+,?,,,,'-,'-,24,,2,,,YN,'-,listonly,'+,'-,2022-05-21 01:00:57,B
TRJOBS,CWO,,'+,?,*,'+,X,'-,,16,,1,'+,,YY,'-,,'-,'-,2022-05-21 01:00:57,B
TRJOBS,DAE,,'+,?,*,'+,X,'-,'-,53,,0,,,YY,'-,listonly,'-,'-,2021-09-29 09:33:24,B
TRJOBS,DES,,'-,?,*,'+,X,'-,'-,22,,1,,,YY,'-,,'-,'-,2025-04-03 03:01:21,B
TRJOBS,DIW,,'+,?,,,,'-,'-,47,,1,,,YY,'-,listonly,'+,'-,2022-05-21 01:00:57,B
TRJOBS,DOC,,'+,?,*,'+,X,'-,,11,,0,,,YY,'-,,'-,'-,2021-09-29 09:33:24,B
TRJOBS,DPD,,'+,?,*,'+,X,,'-,59,,0,'+,WEDPDS,YY,'-,,'-,'-,2026-04-02 01:02:59,B
TRJOBS,EAC,EVAC,'+,?,*,'+,X,'-,'-,51,,1,'+,WEACMP,YY,'-,,'-,'-,2022-05-21 01:00:57,B
TRJOBS,EER,WOER,'+,?,*,'+,X,'-,'-,52,,1,'+,WEWOER,YY,'-,,'-,'-,2022-05-21 01:00:57,B
TRJOBS,EPO,,'+,?,*,'+,X,'-,'-,29,,0,'+,WEWOIN,YN,'-,,'-,'-,2021-09-29 09:33:24,B
TRJOBS,ERC,,'-,?,,,,'-,'-,21,,0,,,YN,'-,,'+,'-,2021-09-29 09:33:24,B
TRJOBS,ETP,OTP,'+,?,*,'+,X,'-,'-,27,,1,'+,WEWOCL,YN,'-,listdetailview,'-,'-,2021-11-20 01:25:52,B
TRJOBS,GPH,,'+,?,,,,'-,'-,38,,1,,,YY,'-,reportview,'-,'-,2022-05-21 01:00:57,B
TRJOBS,JBL,,'+,?,*,'+,X,'-,'-,18,,1,'+,WEJRPS,YN,'-,,'-,'-,2022-05-21 01:00:57,B
TRJOBS,JOB,ACT,'-,?,*,'+,X,'-,'-,41,,1,'+,WEACTJ,YY,'-,listdetailview,'-,'-,2022-05-21 01:00:57,B
TRJOBS,KSF,PCTN,'+,?,*,'+,X,'-,'-,39,,1,'+,WESFWO,YY,'-,listdetailview,'-,'-,2022-05-21 01:00:57,B
TRJOBS,LNO,EVNT,'-,?,,,,'-,'-,44,,0,,,YY,'-,linearoverview,'-,'-,2021-09-29 09:33:24,W
TRJOBS,MAP,,'+,?,*,,,'-,'-,48,,0,,,YY,'-,map,'+,'-,2021-09-29 09:33:24,M
TRJOBS,MDR,,'+,?,*,'+,X,'-,'-,32,,1,'+,WEJOBM,YN,'-,,'-,'-,2022-05-21 01:00:57,B
TRJOBS,MEC,,'+,?,*,'+,X,'-,'-,12,,0,'+,WEWOEQ,YY,'-,,'-,'-,2021-09-29 09:33:24,B
TRJOBS,NCF,NOCO,'+,?,*,'+,X,'-,'-,46,,0,'+,OENCOB,YY,'-,listdetailview,'-,'-,2021-09-29 09:33:24,B
TRJOBS,NCT,NOCF,'-,?,*,'+,X,'-,'-,54,,1,'+,OENCOB,YY,'-,listdetailview,'-,'-,2022-05-21 01:00:57,B
TRJOBS,ORD,,'+,?,,,,'-,'-,17,,1,,,YY,'-,listonly,'+,'-,2022-05-21 01:00:57,B
TRJOBS,PAR,,'+,?,*,'+,X,'-,'+,10,,0,,WEPART,YY,'-,listdetailview,'-,'-,2021-09-29 09:33:24,B
TRJOBS,PAS,,'-,?,*,'+,X,'-,'-,23,,0,'+,,YN,'-,,'-,'-,2021-09-29 09:33:24,B
TRJOBS,PEV,PERM,'+,?,*,'+,,'-,,30,,1,'+,,YN,'-,listdetailview,'-,'-,2022-05-21 01:00:57,B
TRJOBS,PFA,,'+,?,*,'+,X,'-,'-,31,,1,'+,WEJOBP,YN,'-,,'-,'-,2022-05-21 01:00:57,B
TRJOBS,PLA,,'-,?,*,'+,X,'-,'-,43,,1,'+,WEACTJ,YY,'-,listdetailview,'-,'-,2022-05-21 01:00:57,B
TRJOBS,REA,READ,'+,?,*,'+,X,'-,,9,,1,'+,WEMTRR,YY,'-,,'-,'-,2021-11-20 01:25:52,B
TRJOBS,RMR,,'+,?,,,,'-,'-,55,,1,,,YY,'-,listonly,'+,'-,2022-10-21 17:55:05,B
TRJOBS,RSL,,'+,?,,,,,'-,60,,0,'-,,YY,'-,listonly,'+,'-,2026-04-02 01:02:59,B
TRJOBS,RSS,,'+,?,*,'+,X,'-,'-,33,,2,'+,WEJOBR,YY,'-,,'-,'-,2022-05-21 01:00:57,B
TRJOBS,RWH,EVNT,'+,?,*,,,'-,'-,37,,0,'+,,YY,'-,listonly,'+,'-,2021-09-29 09:33:24,B
TRJOBS,RWO,EVNT,'+,?,*,,,'-,'-,36,,1,'+,,YY,'-,listonly,'-,'-,2022-10-21 17:55:05,B
TRJOBS,SCH,,'+,?,*,'+,X,'-,,8,,0,'+,WESCHD,YY,'-,listdetailview,'-,'-,2021-09-29 09:33:24,B
TRJOBS,SRQ,,'+,?,,,,'-,'-,20,,1,,,YN,'-,recordview,'-,'-,2022-10-21 17:55:05,B
TRJOBS,TOR,,'+,?,*,'+,X,'-,'-,15,,2,'+,WETLWO,YY,'-,listdetailview,'-,'-,2022-05-21 01:00:57,B
TRJOBS,TOU,,'+,?,*,'+,X,'-,'-,14,,0,'+,WETLUG,YY,'-,listdetailview,'-,'-,2021-09-29 09:33:24,B
TRJOBS,TPL,,'+,?,*,'+,X,'-,'-,35,,0,'+,WEPNTL,YY,'-,listdetailview,'-,'-,2021-09-29 09:33:24,B
TRJOBS,TRL,TRL,'+,?,,,,'-,'-,50,,2,,,YY,'-,listonly,'+,'-,2022-05-21 01:00:57,B
TRJOBS,TRTD,,'+,?,,,,'-,'-,99,,0,,,YY,'-,listdetailview,'-,'+,2021-09-29 09:33:24,W
TRJOBS,UT1,,'+,?,*,'+,X,,,57,,1,,,YY,'-,,'-,'-,2022-05-21 01:00:57,B
TRJOBS,VBH,BOOK,'+,?,,'+,,'-,'-,6,,1,'+,WEVDBK,YY,'-,listdetailview,'-,'-,2022-05-21 01:00:57,B
TRJOBS,WEH,,'+,?,,,,'-,'-,58,,2,,,YY,'-,listonly,'+,'-,2024-10-03 02:13:01,B
TRJOBS,WFE,WFEV,'+,?,*,,,'-,'-,57,,0,,,YY,'-,listonly,'-,'-,2023-10-12 10:50:25,B
TRJOBS,WKM,WKMV,'+,?,*,'+,X,'-,'-,45,,2,'+,OEWKMV,YY,'-,,'-,'-,2022-05-21 01:00:57,B
TRJOBS,WOR,WORP,'-,?,*,'+,X,'-,'-,42,,1,'+,WEWORP,YY,'-,listdetailview,'-,'-,2022-05-21 01:00:57,B
ZJ1000,ACD,,'-,?,*,'+,X,'-,'-,26,,0,,,YN,'-,,'-,'-,2025-10-23 11:40:39,B
ZJ1000,ACK,ACT,'+,?,*,,,'-,'-,40,,0,,,YY,'-,listonly,'-,'-,2025-10-23 11:40:39,W
ZJ1000,ACO,,'+,?,,'+,,'-,'+,19,,0,,WEWOOC,YY,'-,listdetailview,'-,'-,2025-10-23 11:40:39,B
ZJ1000,ACT,ACT,'+,?,*,'+,X,'-,'+,4,,0,'+,WEACTJ,YY,'-,,'-,'-,2025-10-23 11:40:39,B
ZJ1000,ADR,,'-,?,*,'+,X,'-,'-,25,,0,,,YN,'-,,'-,'-,2025-10-23 11:40:39,B
ZJ1000,AQU,,'+,?,,'+,X,'-,'-,28,,0,'+,WEJOBA,YN,'-,listdetailview,'-,'-,2025-10-23 11:40:39,B
ZJ1000,BOO,BOOK,'+,?,,'+,,'-,'+,5,,0,'+,WEBOOK,YY,'-,listdetailview,'-,'-,2025-10-23 11:40:39,B
ZJ1000,CEC,,'+,?,,,,'-,'-,56,,0,,,YY,'-,listonly,'+,'-,2025-10-23 11:40:39,B
ZJ1000,CGO,OBJ,'+,?,*,,,'-,'-,34,,0,,JECAME,YN,'-,listonly,'-,'-,2025-10-23 11:40:39,B
ZJ1000,CLC,,'+,?,*,'+,X,'-,'-,49,,0,,,YY,'-,closingcomments,'+,'-,2025-10-23 11:40:39,M
ZJ1000,CLO,,'+,?,*,'+,X,'-,'+,7,,0,,,YY,'-,recordview,'-,'-,2025-10-23 11:40:39,B
ZJ1000,CMT,,'+,?,*,'+,X,'-,'+,3,,0,,,YY,'-,,'+,'-,2025-10-23 11:40:39,B
ZJ1000,CST,,'+,?,,,,'-,'+,13,,0,,WECOST,YY,'-,recordview,'-,'-,2025-10-23 11:40:39,W
ZJ1000,CTR,,'+,?,,,,'-,'-,24,,0,,,YN,'-,listonly,'+,'-,2025-10-23 11:40:39,B
ZJ1000,CWO,,'+,?,*,'+,X,'-,,16,,0,'+,,YY,'-,,'-,'-,2025-10-23 11:40:39,B
ZJ1000,DAE,,'+,?,*,'+,X,'-,'-,53,,0,,,YY,'-,listonly,'-,'-,2025-10-23 11:40:39,B
ZJ1000,DES,,'-,?,*,'+,X,'-,'-,22,,0,,,YY,'-,,'-,'-,2025-10-23 11:40:39,B
ZJ1000,DIW,,'+,?,,,,'-,'-,47,,0,,,YY,'-,listonly,'+,'-,2025-10-23 11:40:39,B
ZJ1000,DOC,,'+,?,*,'+,X,'-,,11,,0,,,YY,'-,,'-,'-,2025-10-23 11:40:39,B
ZJ1000,DPD,,'+,?,*,'+,X,,'-,59,,0,'+,WEDPDS,YY,'-,,'-,'-,2026-04-02 01:02:59,B
ZJ1000,EAC,EVAC,'+,?,*,'+,X,'-,'-,51,,0,'+,WEACMP,YY,'-,,'-,'-,2025-10-23 11:40:39,B
ZJ1000,EER,WOER,'+,?,*,'+,X,'-,'-,52,,0,'+,WEWOER,YY,'-,,'-,'-,2025-10-23 11:40:39,B
ZJ1000,EPO,,'+,?,*,'+,X,'-,'-,29,,0,'+,WEWOIN,YN,'-,,'-,'-,2025-10-23 11:40:39,B
ZJ1000,ERC,,'-,?,,,,'-,'-,21,,0,,,YN,'-,,'+,'-,2025-10-23 11:40:39,B
ZJ1000,ETP,OTP,'+,?,*,'+,X,'-,'-,27,,0,'+,WEWOCL,YN,'-,listdetailview,'-,'-,2025-10-23 11:40:39,B
ZJ1000,GPH,,'+,?,,,,'-,'-,38,,0,,,YY,'-,reportview,'-,'-,2025-10-23 11:40:39,B
ZJ1000,JBL,,'+,?,*,'+,X,'-,'-,18,,0,'+,WEJRPS,YN,'-,,'-,'-,2025-10-23 11:40:39,B
ZJ1000,JOB,ACT,'-,?,*,'+,X,'-,'-,41,,0,'+,WEACTJ,YY,'-,listdetailview,'-,'-,2025-10-23 11:40:39,B
ZJ1000,KSF,PCTN,'+,?,*,'+,X,'-,'-,39,,0,'+,WESFWO,YY,'-,listdetailview,'-,'-,2025-10-23 11:40:39,B
ZJ1000,LNO,EVNT,'-,?,,,,'-,'-,44,,0,,,YY,'-,linearoverview,'-,'-,2025-10-23 11:40:39,W
ZJ1000,MAP,,'+,?,*,,,'-,'-,48,,0,,,YY,'-,map,'+,'-,2025-10-23 11:40:39,M
ZJ1000,MDR,,'+,?,*,'+,X,'-,'-,32,,0,'+,WEJOBM,YN,'-,,'-,'-,2025-10-23 11:40:39,B
ZJ1000,MEC,,'+,?,*,'+,X,'-,'-,12,,0,'+,WEWOEQ,YY,'-,,'-,'-,2025-10-23 11:40:39,B
ZJ1000,NCF,NOCO,'+,?,*,'+,X,'-,'-,46,,0,'+,OENCOB,YY,'-,listdetailview,'-,'-,2025-10-23 11:40:39,B
ZJ1000,NCT,NOCF,'-,?,*,'+,X,'-,'-,54,,0,'+,OENCOB,YY,'-,listdetailview,'-,'-,2025-10-23 11:40:39,B
ZJ1000,ORD,,'+,?,,,,'-,'-,17,,0,,,YY,'-,listonly,'+,'-,2025-10-23 11:40:39,B
ZJ1000,PAR,,'+,?,*,'+,X,'-,'+,10,,0,,WEPART,YY,'-,listdetailview,'-,'-,2025-10-23 11:40:39,B
ZJ1000,PAS,,'-,?,*,'+,X,'-,'-,23,,0,'+,,YN,'-,,'-,'-,2025-10-23 11:40:39,B
ZJ1000,PEV,PERM,'+,?,*,'+,,'-,,30,,0,'+,,YN,'-,listdetailview,'-,'-,2025-10-23 11:40:39,B
ZJ1000,PFA,,'+,?,*,'+,X,'-,'-,31,,0,'+,WEJOBP,YN,'-,,'-,'-,2025-10-23 11:40:39,B
ZJ1000,PLA,,'-,?,*,'+,X,'-,'-,43,,0,'+,WEACTJ,YY,'-,listdetailview,'-,'-,2025-10-23 11:40:39,B
ZJ1000,REA,READ,'+,?,*,'+,X,'-,,9,,0,'+,WEMTRR,YY,'-,,'-,'-,2025-10-23 11:40:39,B
ZJ1000,RMR,,'+,?,,,,'-,'-,55,,0,,,YY,'-,listonly,'+,'-,2025-10-23 11:40:39,B
ZJ1000,RSL,,'+,?,,,,,'-,60,,0,'-,,YY,'-,listonly,'+,'-,2026-04-02 01:02:59,B
ZJ1000,RSS,,'+,?,*,'+,X,'-,'-,33,,0,'+,WEJOBR,YY,'-,,'-,'-,2025-10-23 11:40:39,B
ZJ1000,RWH,EVNT,'+,?,*,,,'-,'-,37,,0,'+,,YY,'-,listonly,'+,'-,2025-10-23 11:40:39,B
ZJ1000,RWO,EVNT,'+,?,*,,,'-,'-,36,,0,'+,,YY,'-,listonly,'-,'-,2025-10-23 11:40:39,B
ZJ1000,SCH,,'+,?,*,'+,X,'-,,8,,0,'+,WESCHD,YY,'-,listdetailview,'-,'-,2025-10-23 11:40:39,B
ZJ1000,SRQ,,'+,?,,,,'-,'-,20,,0,,,YN,'-,recordview,'-,'-,2025-10-23 11:40:39,B
ZJ1000,TOR,,'+,?,*,'+,X,'-,'-,15,,0,'+,WETLWO,YY,'-,listdetailview,'-,'-,2025-10-23 11:40:39,B
ZJ1000,TOU,,'+,?,*,'+,X,'-,'-,14,,0,'+,WETLUG,YY,'-,listdetailview,'-,'-,2025-10-23 11:40:39,B
ZJ1000,TPL,,'+,?,*,'+,X,'-,'-,35,,0,'+,WEPNTL,YY,'-,listdetailview,'-,'-,2025-10-23 11:40:39,B
ZJ1000,TRL,TRL,'+,?,,,,'-,'-,50,,0,,,YY,'-,listonly,'+,'-,2025-10-23 11:40:39,B
ZJ1000,TRTD,,'+,?,,,,'-,'-,99,,0,,,YY,'-,listdetailview,'-,'+,2025-10-23 11:40:39,W
ZJ1000,UT1,,'+,?,*,'+,X,,,57,,0,,,YY,'-,,'-,'-,2025-10-23 11:40:39,B
ZJ1000,UT2,,'+,?,*,'+,X,,,60,,0,,,YY,'-,,'-,'-,2025-10-23 11:40:39,W
ZJ1000,VBH,BOOK,'+,?,,'+,,'-,'-,6,,0,'+,WEVDBK,YY,'-,listdetailview,'-,'-,2025-10-23 11:40:39,B
ZJ1000,WEH,,'+,?,,,,'-,'-,58,,0,,,YY,'-,listonly,'+,'-,2025-10-23 11:40:39,B
ZJ1000,WFE,WFEV,'+,?,*,,,'-,'-,57,,0,,,YY,'-,listonly,'-,'-,2025-10-23 11:40:39,B
ZJ1000,WKM,WKMV,'+,?,*,'+,X,'-,'-,45,,0,'+,OEWKMV,YY,'-,,'-,'-,2025-10-23 11:40:39,B
ZJ1000,WOR,WORP,'-,?,*,'+,X,'-,'-,42,,0,'+,WEWORP,YY,'-,listdetailview,'-,'-,2025-10-23 11:40:39,B
WSJODC,ACD,,'-,?,*,'+,X,'-,'-,26,,0,,,YN,'-,,'-,'-,2025-10-08 08:57:55,B
WSJODC,ACK,ACT,'+,?,*,,,'-,'-,40,,0,,,YY,'-,listonly,'-,'-,2025-10-08 08:57:55,W
WSJODC,ACO,,'+,?,,'+,,'-,'+,19,,0,,WEWOOC,YY,'-,listdetailview,'-,'-,2025-10-08 08:57:55,B
WSJODC,ACT,ACT,'+,?,*,'+,X,'-,'+,4,,0,'+,WEACTJ,YY,'-,,'-,'-,2025-10-08 08:57:55,B
WSJODC,ADR,,'-,?,*,'+,X,'-,'-,25,,0,,,YN,'-,,'-,'-,2025-10-08 08:57:55,B
WSJODC,AQU,,'+,?,,'+,X,'-,'-,28,,0,'+,WEJOBA,YN,'-,listdetailview,'-,'-,2025-10-08 08:57:55,B
WSJODC,BOO,BOOK,'+,?,,'+,,'-,'+,5,,0,'+,WEBOOK,YY,'-,listdetailview,'-,'-,2025-10-08 08:57:55,B
WSJODC,CEC,,'+,?,,,,'-,'-,56,,0,,,YY,'-,listonly,'+,'-,2025-10-08 08:57:55,B
WSJODC,CGO,OBJ,'+,?,*,,,'-,'-,34,,0,,JECAME,YN,'-,listonly,'-,'-,2025-10-08 08:57:55,B
WSJODC,CLC,,'+,?,*,'+,X,'-,'-,49,,0,,,YY,'-,closingcomments,'+,'-,2025-10-08 08:57:55,M
WSJODC,CLO,,'+,?,*,'+,X,'-,'+,7,,0,,,YY,'-,recordview,'-,'-,2025-10-08 08:57:55,B
WSJODC,CMT,,'+,?,*,'+,X,'-,'+,3,,0,,,YY,'-,,'+,'-,2025-10-08 08:57:55,B
WSJODC,CST,,'+,?,,,,'-,'+,13,,0,,WECOST,YY,'-,recordview,'-,'-,2025-10-08 08:57:55,W
WSJODC,CTR,,'+,?,,,,'-,'-,24,,0,,,YN,'-,listonly,'+,'-,2025-10-08 08:57:55,B
WSJODC,CWO,,'+,?,*,'+,X,'-,,16,,0,'+,,YY,'-,,'-,'-,2025-10-08 08:57:55,B
WSJODC,DAE,,'+,?,*,'+,X,'-,'-,53,,0,,,YY,'-,listonly,'-,'-,2025-10-08 08:57:55,B
WSJODC,DES,,'-,?,*,'+,X,'-,'-,22,,0,,,YY,'-,,'-,'-,2025-10-08 08:57:55,B
WSJODC,DIW,,'+,?,,,,'-,'-,47,,0,,,YY,'-,listonly,'+,'-,2025-10-08 08:57:55,B
WSJODC,DOC,,'+,?,*,'+,X,'-,,11,,0,,,YY,'-,,'-,'-,2025-10-08 08:57:55,B
WSJODC,DPD,,'+,?,*,'+,X,,'-,59,,0,'+,WEDPDS,YY,'-,,'-,'-,2026-04-02 01:02:59,B
WSJODC,EAC,EVAC,'+,?,*,'+,X,'-,'-,51,,0,'+,WEACMP,YY,'-,,'-,'-,2025-10-08 08:57:55,B
WSJODC,EER,WOER,'+,?,*,'+,X,'-,'-,52,,0,'+,WEWOER,YY,'-,,'-,'-,2025-10-08 08:57:55,B
WSJODC,EPO,,'+,?,*,'+,X,'-,'-,29,,0,'+,WEWOIN,YN,'-,,'-,'-,2025-10-08 08:57:55,B
WSJODC,ERC,,'-,?,,,,'-,'-,21,,0,,,YN,'-,,'+,'-,2025-10-08 08:57:55,B
WSJODC,ETP,OTP,'+,?,*,'+,X,'-,'-,27,,0,'+,WEWOCL,YN,'-,listdetailview,'-,'-,2025-10-08 08:57:55,B
WSJODC,GPH,,'+,?,,,,'-,'-,38,,0,,,YY,'-,reportview,'-,'-,2025-10-08 08:57:55,B
WSJODC,JBL,,'+,?,*,'+,X,'-,'-,18,,0,'+,WEJRPS,YN,'-,,'-,'-,2025-10-08 08:57:55,B
WSJODC,JOB,ACT,'-,?,*,'+,X,'-,'-,41,,0,'+,WEACTJ,YY,'-,listdetailview,'-,'-,2025-10-08 08:57:55,B
WSJODC,KSF,PCTN,'+,?,*,'+,X,'-,'-,39,,0,'+,WESFWO,YY,'-,listdetailview,'-,'-,2025-10-08 08:57:55,B
WSJODC,LNO,EVNT,'-,?,,,,'-,'-,44,,0,,,YY,'-,linearoverview,'-,'-,2025-10-08 08:57:55,W
WSJODC,MAP,,'+,?,*,,,'-,'-,48,,0,,,YY,'-,map,'+,'-,2025-10-08 08:57:55,M
WSJODC,MDR,,'+,?,*,'+,X,'-,'-,32,,0,'+,WEJOBM,YN,'-,,'-,'-,2025-10-08 08:57:55,B
WSJODC,MEC,,'+,?,*,'+,X,'-,'-,12,,0,'+,WEWOEQ,YY,'-,,'-,'-,2025-10-08 08:57:55,B
WSJODC,NCF,NOCO,'+,?,*,'+,X,'-,'-,46,,0,'+,OENCOB,YY,'-,listdetailview,'-,'-,2025-10-08 08:57:55,B
WSJODC,NCT,NOCF,'-,?,*,'+,X,'-,'-,54,,0,'+,OENCOB,YY,'-,listdetailview,'-,'-,2025-10-08 08:57:55,B
WSJODC,ORD,,'+,?,,,,'-,'-,17,,0,,,YY,'-,listonly,'+,'-,2025-10-08 08:57:55,B
WSJODC,PAR,,'+,?,*,'+,X,'-,'+,10,,0,,WEPART,YY,'-,listdetailview,'-,'-,2025-10-08 08:57:55,B
WSJODC,PAS,,'-,?,*,'+,X,'-,'-,23,,0,'+,,YN,'-,,'-,'-,2025-10-08 08:57:55,B
WSJODC,PEV,PERM,'+,?,*,'+,,'-,,30,,0,'+,,YN,'-,listdetailview,'-,'-,2025-10-08 08:57:55,B
WSJODC,PFA,,'+,?,*,'+,X,'-,'-,31,,0,'+,WEJOBP,YN,'-,,'-,'-,2025-10-08 08:57:55,B
WSJODC,PLA,,'-,?,*,'+,X,'-,'-,43,,0,'+,WEACTJ,YY,'-,listdetailview,'-,'-,2025-10-08 08:57:55,B
WSJODC,REA,READ,'+,?,*,'+,X,'-,,9,,0,'+,WEMTRR,YY,'-,,'-,'-,2025-10-08 08:57:55,B
WSJODC,RMR,,'+,?,,,,'-,'-,55,,0,,,YY,'-,listonly,'+,'-,2025-10-08 08:57:55,B
WSJODC,RSL,,'+,?,,,,,'-,60,,0,'-,,YY,'-,listonly,'+,'-,2026-04-02 01:02:59,B
WSJODC,RSS,,'+,?,*,'+,X,'-,'-,33,,0,'+,WEJOBR,YY,'-,,'-,'-,2025-10-08 08:57:55,B
WSJODC,RWH,EVNT,'+,?,*,,,'-,'-,37,,0,'+,,YY,'-,listonly,'+,'-,2025-10-08 08:57:55,B
WSJODC,RWO,EVNT,'+,?,*,,,'-,'-,36,,0,'+,,YY,'-,listonly,'-,'-,2025-10-08 08:57:55,B
WSJODC,SCH,,'+,?,*,'+,X,'-,,8,,0,'+,WESCHD,YY,'-,listdetailview,'-,'-,2025-10-08 08:57:55,B
WSJODC,SRQ,,'+,?,,,,'-,'-,20,,0,,,YN,'-,recordview,'-,'-,2025-10-08 08:57:55,B
WSJODC,TOR,,'+,?,*,'+,X,'-,'-,15,,0,'+,WETLWO,YY,'-,listdetailview,'-,'-,2025-10-08 08:57:55,B
WSJODC,TOU,,'+,?,*,'+,X,'-,'-,14,,0,'+,WETLUG,YY,'-,listdetailview,'-,'-,2025-10-08 08:57:55,B
WSJODC,TPL,,'+,?,*,'+,X,'-,'-,35,,0,'+,WEPNTL,YY,'-,listdetailview,'-,'-,2025-10-08 08:57:55,B
WSJODC,TRL,TRL,'+,?,,,,'-,'-,50,,0,,,YY,'-,listonly,'+,'-,2025-10-08 08:57:55,B
WSJODC,TRTD,,'+,?,,,,'-,'-,99,,0,,,YY,'-,listdetailview,'-,'+,2025-10-08 08:57:55,W
WSJODC,UT1,,'+,?,*,'+,X,,,57,,0,,,YY,'-,,'-,'-,2025-10-08 08:57:55,B
WSJODC,UT2,,'+,?,*,'+,X,,,60,,0,,,YY,'-,,'-,'-,2025-10-08 08:57:55,W
WSJODC,VBH,BOOK,'+,?,,'+,,'-,'-,6,,0,'+,WEVDBK,YY,'-,listdetailview,'-,'-,2025-10-08 08:57:55,B
WSJODC,WEH,,'+,?,,,,'-,'-,58,,0,,,YY,'-,listonly,'+,'-,2025-10-08 08:57:55,B
WSJODC,WFE,WFEV,'+,?,*,,,'-,'-,57,,0,,,YY,'-,listonly,'-,'-,2025-10-08 08:57:55,B
WSJODC,WKM,WKMV,'+,?,*,'+,X,'-,'-,45,,0,'+,OEWKMV,YY,'-,,'-,'-,2025-10-08 08:57:55,B
WSJODC,WOR,WORP,'-,?,*,'+,X,'-,'-,42,,0,'+,WEWORP,YY,'-,listdetailview,'-,'-,2025-10-08 08:57:55,B
