PLO_USERGROUP,PLO_PAGENAME,PLO_ELEMENTID,PLO_ELEMENTTYPE,PLO_PRESENTINJSP,PLO_ATTRIBUTE,PLO_FIELDCONTAINER,PLO_FIELDGROUP,PLO_POSITIONINGROUP,PLO_FIELDCONTTYPE,PLO_TABINDEX,PLO_SYSTEMATTRIBUTE,PLO_CHANGED,PLO_UPDATECOUNT,PLO_MEKEY,PLO_MEFLAG,PLO_DEFAULTVALUE,PLO_PARENTPAGE,PLO_LASTSAVED
DK,CCJOBS,aboveceilingpermit,F,Y,H,cont_9.1,1,1,1,2820,O,'-,0,YY,,,WSJOBS,2023-10-16 13:02:29
DK,CCJOBS,accountingentity,F,Y,P,cont_4.5,3,1,1,570,P,'-,0,YY,,,WSJOBS,2023-10-16 13:02:29
DK,CCJOBS,actenddate,F,Y,H,cont_8,2,1,1,1590,R,'-,0,YY,,,WSJOBS,2023-10-16 13:02:29
DK,CCJOBS,actioncode,F,Y,H,cont_6,8,1,1,970,O,'+,0,YY,,,WSJOBS,2023-10-16 13:02:29
DK,CCJOBS,actioncodedesc,F,Y,H,cont_6,29,1,1,1210,P,'+,0,YY,,,WSJOBS,2024-04-04 01:09:33
DK,CCJOBS,activity,F,Y,H,cont_7,1,1,1,1490,P,'-,0,YY,,,WSJOBS,2023-10-16 13:02:29
DK,CCJOBS,actstartdate,F,Y,H,cont_8,1,1,1,1580,R,'-,0,YY,,,WSJOBS,2023-10-16 13:02:29
DK,CCJOBS,alertcode,F,Y,H,cont_5,18,1,1,790,P,'+,0,YN,,,WSJOBS,2023-10-16 13:02:29
DK,CCJOBS,alias,F,Y,H,cont_2,6,1,1,140,P,'-,0,YY,,,WSJOBS,2023-10-16 13:02:29
DK,CCJOBS,assignedbyname,F,Y,H,cont_9,18,1,1,2800,P,'+,0,YY,,,WSJOBS,2024-04-04 01:09:33
DK,CCJOBS,assignedto,F,Y,O,cont_9,4,1,1,2620,O,'+,0,YY,,,WSJOBS,2023-10-16 13:02:29
DK,CCJOBS,assignedtodesc,F,Y,H,cont_9,5,1,1,2630,P,'+,0,YY,,,WSJOBS,2023-10-16 13:02:29
DK,CCJOBS,asslevel,F,Y,H,cont_8,7,1,1,1640,O,'-,0,YY,,,WSJOBS,2023-10-16 13:02:29
DK,CCJOBS,block_1,B,Y,O,,,,,,O,'-,0,YY,,,WSJOBS,2023-10-16 13:02:29
DK,CCJOBS,block_10,B,Y,O,,,,,,O,'-,0,YY,,,WSJOBS,2023-10-16 13:02:29
DK,CCJOBS,block_12,B,Y,H,,,,,,O,'-,0,YY,,,WSJOBS,2023-10-16 13:02:29
DK,CCJOBS,block_13,B,Y,H,,,,,,O,'-,0,YY,,,WSJOBS,2023-10-16 13:02:29
DK,CCJOBS,block_14,B,Y,H,,,,,,O,'-,0,YY,,,WSJOBS,2023-10-16 13:02:29
DK,CCJOBS,block_2,B,Y,O,,,,,,O,'-,0,YY,,,WSJOBS,2023-10-16 13:02:29
DK,CCJOBS,block_3,B,Y,O,,,,,,O,'-,0,YY,,,WSJOBS,2023-10-16 13:02:29
DK,CCJOBS,block_4,B,Y,O,,,,,,O,'-,0,YY,,,WSJOBS,2023-10-16 13:02:29
DK,CCJOBS,block_5,B,Y,O,,,,,,O,'-,0,YY,,,WSJOBS,2023-10-16 13:02:29
DK,CCJOBS,block_6,B,Y,C,,,,,,C,'-,0,YY,,,WSJOBS,2023-10-16 13:02:29
DK,CCJOBS,block_7,B,Y,H,,,,,,O,'-,0,YY,,,WSJOBS,2023-10-16 13:02:29
DK,CCJOBS,block_8,B,Y,C,,,,,,C,'-,0,YY,,,WSJOBS,2023-10-16 13:02:29
DK,CCJOBS,block_9,B,Y,H,,,,,,O,'-,0,YY,,,WSJOBS,2023-10-16 13:02:29
DK,CCJOBS,buildingmaintenanceprogram,F,Y,H,cont_9.1,7,1,1,2880,O,'-,0,YY,,,WSJOBS,2023-10-16 13:02:29
DK,CCJOBS,calcpriority,F,Y,H,cont_6,17,1,1,1090,O,'+,0,YY,,,WSJOBS,2023-10-16 13:02:29
DK,CCJOBS,callcenterworeport,F,Y,H,cont_17,1,1,1,3170,O,'-,0,YY,,,WSJOBS,2023-10-16 13:02:29
DK,CCJOBS,callername,F,Y,H,cont_5,13,1,1,740,P,'+,0,YN,,,WSJOBS,2023-10-16 13:02:29
DK,CCJOBS,campaign,F,Y,H,cont_9,14,1,1,2740,P,'+,0,YN,,,WSJOBS,2023-10-16 13:02:29
DK,CCJOBS,campaigndash,F,Y,H,cont_9,14,2,1,2750,O,'+,0,YN,,,WSJOBS,2023-10-16 13:02:29
DK,CCJOBS,campaignevent,F,Y,H,cont_9,14,3,1,2760,P,'+,0,YN,,,WSJOBS,2023-10-16 13:02:29
DK,CCJOBS,campaignstatusdesc,F,Y,H,cont_9,15,1,1,2770,P,'+,0,YN,,,WSJOBS,2023-10-16 13:02:29
DK,CCJOBS,casecode,F,Y,H,cont_6.85,1,1,1,1410,P,'-,0,YY,,,WSJOBS,2023-10-16 13:02:29
DK,CCJOBS,casetype,F,Y,H,cont_6.85,2,1,1,1420,P,'-,0,YY,,,WSJOBS,2023-10-16 13:02:29
DK,CCJOBS,categoryname,F,Y,P,cont_6,18,1,1,1100,P,'+,0,YY,,,WSJOBS,2023-10-16 13:02:29
DK,CCJOBS,causecode,F,Y,H,cont_5,10,1,1,710,O,'+,0,YY,,,WSJOBS,2023-10-16 13:02:29
DK,CCJOBS,causecodedesc,F,Y,H,cont_5,26,1,1,870,P,'+,0,YY,,,WSJOBS,2024-04-04 01:09:33
DK,CCJOBS,closinglatitude,F,Y,H,cont_6,23,1,1,1150,P,'+,0,YY,,,WSJOBS,2023-10-16 13:02:29
DK,CCJOBS,closinglongitude,F,Y,H,cont_6,24,1,1,1160,P,'+,0,YY,,,WSJOBS,2023-10-16 13:02:29
DK,CCJOBS,cnnumber,F,Y,H,cont_5,7,1,1,680,O,'+,0,YN,,,WSJOBS,2023-10-16 13:02:29
DK,CCJOBS,completeproductionorder,F,Y,H,cont_10.91,1,1,1,3110,O,'-,0,YY,,,WSJOBS,2023-10-16 13:02:29
DK,CCJOBS,complevel,F,Y,H,cont_8,8,1,1,1650,O,'-,0,YY,,,WSJOBS,2023-10-16 13:02:29
DK,CCJOBS,componentlocation,F,Y,H,cont_8,9,1,1,1660,O,'-,0,YY,,,WSJOBS,2023-10-16 13:02:29
DK,CCJOBS,confinedspace,F,Y,H,cont_9.1,11,1,1,2920,O,'-,0,YY,,,WSJOBS,2023-10-16 13:02:29
DK,CCJOBS,costcode,F,Y,O,cont_6,3,1,1,900,O,'-,0,YY,,,WSJOBS,2023-10-16 13:02:29
DK,CCJOBS,coveragetype,F,Y,H,cont_3,5,1,1,260,P,'-,0,YY,,,WSJOBS,2023-10-16 13:02:29
DK,CCJOBS,createcase,F,Y,H,cont_18,1,1,1,3180,O,'-,0,YY,,,WSJOBS,2023-10-16 13:02:29
DK,CCJOBS,createcustomerinvoice,F,Y,H,cont_11,1,1,1,3120,O,'-,0,YY,,,WSJOBS,2023-10-16 13:02:29
DK,CCJOBS,createdby,F,Y,P,cont_4,2,1,1,350,P,'-,0,YY,,,WSJOBS,2023-10-16 13:02:29
DK,CCJOBS,creategislinearwo,F,Y,H,cont_21,1,1,1,3600,O,'-,0,YY,,,WSJOBS,2023-10-16 13:02:29
DK,CCJOBS,createproductionorder,F,Y,H,cont_10.9,1,1,1,3100,O,'-,0,YY,,,WSJOBS,2023-10-16 13:02:29
DK,CCJOBS,createproductionrequest,F,Y,H,cont_10.8,1,1,1,3090,O,'-,0,YY,,,WSJOBS,2023-10-16 13:02:29
DK,CCJOBS,createrootcauseanalysis,F,Y,H,cont_18,4,1,1,3210,O,'-,0,YY,,,WSJOBS,2023-10-16 13:02:29
DK,CCJOBS,createstandardwo,F,Y,H,cont_10.5,1,1,1,3070,O,'-,0,YY,,,WSJOBS,2023-10-16 13:02:29
DK,CCJOBS,createwarrantyclaim,F,Y,H,cont_10.7,1,1,1,3080,O,'-,0,YY,,,WSJOBS,2023-10-16 13:02:29
DK,CCJOBS,criticality,F,Y,P,cont_5,3,1,1,620,P,'+,0,YY,,,WSJOBS,2023-10-16 13:02:29
DK,CCJOBS,customer,F,Y,H,cont_5,11,1,1,720,P,'+,0,YN,,,WSJOBS,2023-10-16 13:02:29
DK,CCJOBS,customercontract,F,Y,H,cont_5,16,1,1,770,P,'+,0,YN,,,WSJOBS,2023-10-16 13:02:29
DK,CCJOBS,datecompleted,F,Y,H,cont_9,11,1,1,2690,O,'+,0,YY,,,WSJOBS,2023-10-16 13:02:29
DK,CCJOBS,datecreated,F,Y,P,cont_4,3,1,1,360,P,'-,0,YY,,,WSJOBS,2023-10-16 13:02:29
DK,CCJOBS,datereported,F,Y,O,cont_9,2,1,1,2600,O,'+,0,YY,,,WSJOBS,2023-10-16 13:02:29
DK,CCJOBS,datetimecreated,F,Y,H,cont_4,4,1,1,370,P,'-,0,YY,,,WSJOBS,2023-10-16 13:02:29
DK,CCJOBS,department,F,Y,S,cont_2,2,1,1,100,S,'-,0,YY,,,WSJOBS,2023-10-16 13:02:29
DK,CCJOBS,dependant,F,Y,H,cont_3,8,1,1,290,O,'-,0,YY,,,WSJOBS,2023-10-16 13:02:29
DK,CCJOBS,description,F,S,S,cont_1,1,2,2,20,S,'-,0,YY,,,WSJOBS,2023-10-16 13:02:29
DK,CCJOBS,downtimecost,F,Y,H,cont_6,11,1,1,1000,O,'+,0,YY,,,WSJOBS,2023-10-16 13:02:29
DK,CCJOBS,downtimecostcurr,F,Y,H,cont_6,11,2,1,1010,P,'+,0,YY,,,WSJOBS,2023-10-16 13:02:29
DK,CCJOBS,downtimehours,F,Y,H,cont_6,12,1,1,1020,O,'+,0,YY,,,WSJOBS,2023-10-16 13:02:29
DK,CCJOBS,duedate,F,Y,P,cont_6,13,1,1,1030,P,'+,0,YY,,,WSJOBS,2023-10-16 13:02:29
DK,CCJOBS,duplicatecase,F,Y,H,cont_6.85,3,1,1,1430,O,'-,0,YY,,,WSJOBS,2023-10-16 13:02:29
DK,CCJOBS,emailaddress,F,Y,P,cont_24,1,1,1,3670,P,'-,0,YY,,,WSJOBS,2023-10-16 13:02:29
DK,CCJOBS,eqpusabilitydesc,F,Y,O,cont_6.3,1,1,1,1220,O,'-,0,YY,,,WSJOBS,2023-10-16 13:02:29
DK,CCJOBS,equipmanufacturer,F,Y,H,cont_2,8,1,1,160,P,'-,0,YY,,,WSJOBS,2023-10-16 13:02:29
DK,CCJOBS,equipment,F,S,R,cont_1,3,1,2,50,O,'-,0,YY,,,WSJOBS,2023-10-16 13:02:29
DK,CCJOBS,equipmentdesc,F,Y,P,cont_1,3,2,2,60,P,'-,0,YY,,,WSJOBS,2023-10-16 13:02:29
DK,CCJOBS,equipmentorg,F,Y,H,cont_2,4,1,1,120,P,'-,0,YY,,,WSJOBS,2023-10-16 13:02:29
DK,CCJOBS,equipmenttype_display,F,Y,H,cont_2,3,1,1,110,P,'-,0,YY,,,WSJOBS,2023-10-16 13:02:29
DK,CCJOBS,esignaturedate,F,Y,H,cont_4,6,1,1,390,P,'-,0,YY,,,WSJOBS,2023-10-16 13:02:29
DK,CCJOBS,esignaturetype,F,Y,H,cont_4,7,1,1,400,P,'-,0,YY,,,WSJOBS,2023-10-16 13:02:29
DK,CCJOBS,esigner,F,Y,H,cont_4,5,1,1,380,O,'-,0,YY,,,WSJOBS,2023-10-16 13:02:29
DK,CCJOBS,esthrs,F,Y,O,cont_8,3,1,1,1600,O,'-,0,YY,,,WSJOBS,2023-10-16 13:02:29
DK,CCJOBS,estlaborcostcurrency,F,Y,H,cont_6.8,1,2,1,1340,P,'-,0,YY,,,WSJOBS,2023-10-16 13:02:29
DK,CCJOBS,estmatlcostcurrency,F,Y,H,cont_6.8,2,2,1,1360,P,'-,0,YY,,,WSJOBS,2023-10-16 13:02:29
DK,CCJOBS,estmisccostcurrency,F,Y,H,cont_6.8,3,2,1,1380,P,'-,0,YY,,,WSJOBS,2023-10-16 13:02:29
DK,CCJOBS,eventlog,F,Y,H,cont_10,1,1,1,3050,O,'-,0,YY,,,WSJOBS,2023-10-16 13:02:29
DK,CCJOBS,failurecode,F,Y,H,cont_6,7,1,1,960,O,'-,0,YY,,,WSJOBS,2023-10-16 13:02:29
DK,CCJOBS,failurecodedesc,F,Y,H,cont_6,28,1,1,1200,P,'+,0,YY,,,WSJOBS,2024-04-04 01:09:33
DK,CCJOBS,failuremodedesc,F,Y,H,cont_5,21,1,1,820,O,'+,0,YY,,,WSJOBS,2023-10-16 13:02:29
DK,CCJOBS,firesafetyincident,F,Y,H,cont_9.2,6,1,1,3020,O,'-,0,YY,,,WSJOBS,2023-10-16 13:02:29
DK,CCJOBS,firstname,F,Y,P,cont_22,1,2,1,3620,P,'-,0,YY,,,WSJOBS,2023-10-16 13:02:29
DK,CCJOBS,flow,F,Y,H,cont_4.1,8,1,1,500,O,'-,0,YY,,,WSJOBS,2023-10-16 13:02:29
DK,CCJOBS,followupgroup_display,F,Y,H,cont_6,16,1,1,1080,P,'+,0,YY,,,WSJOBS,2023-10-16 13:02:29
DK,CCJOBS,forprint,F,Y,H,cont_2,10,1,1,180,O,'-,0,YY,,,WSJOBS,2023-10-16 13:02:29
DK,CCJOBS,fromgeoref,F,Y,O,cont_4.1,3,1,2,440,O,'-,0,YY,,,WSJOBS,2023-10-16 13:02:29
DK,CCJOBS,fromhorizontaloffset,F,Y,H,cont_19,13,1,1,3360,O,'-,0,YY,,,WSJOBS,2023-10-16 13:02:29
DK,CCJOBS,fromhoroffsettype,F,Y,H,cont_19,14,1,1,3380,O,'-,0,YY,,,WSJOBS,2023-10-16 13:02:29
DK,CCJOBS,fromhoroffsetuom,F,Y,H,cont_19,13,2,1,3370,O,'-,0,YY,,,WSJOBS,2023-10-16 13:02:29
DK,CCJOBS,fromlatitude,F,Y,H,cont_19,10,1,1,3330,O,'-,0,YY,,,WSJOBS,2023-10-16 13:02:29
DK,CCJOBS,fromlongitude,F,Y,H,cont_19,11,1,1,3340,O,'-,0,YY,,,WSJOBS,2023-10-16 13:02:29
DK,CCJOBS,fromoffset,F,Y,H,cont_19,2,1,1,3250,O,'-,0,YY,,,WSJOBS,2023-10-16 13:02:29
DK,CCJOBS,fromoffsetdirection,F,Y,H,cont_19,4,1,1,3270,O,'-,0,YY,,,WSJOBS,2023-10-16 13:02:29
DK,CCJOBS,fromoffsetpercent,F,Y,H,cont_19,3,1,1,3260,O,'-,0,YY,,,WSJOBS,2023-10-16 13:02:29
DK,CCJOBS,frompoint,F,Y,O,cont_4.1,1,1,1,410,O,'-,0,YY,,,WSJOBS,2023-10-16 13:02:29
DK,CCJOBS,frompointuom_display,F,Y,P,cont_4.1,1,2,1,420,P,'-,0,YY,,,WSJOBS,2023-10-16 13:02:29
DK,CCJOBS,fromrefdesc,F,Y,O,cont_4.1,2,1,2,430,O,'-,0,YY,,,WSJOBS,2023-10-16 13:02:29
DK,CCJOBS,fromreferencepoint,F,Y,H,cont_19,1,1,1,3240,O,'-,0,YY,,,WSJOBS,2023-10-16 13:02:29
DK,CCJOBS,fromrelationshiptype,F,Y,H,cont_19,12,1,1,3350,O,'-,0,YY,,,WSJOBS,2023-10-16 13:02:29
DK,CCJOBS,fromverticaloffset,F,Y,H,cont_19,15,1,1,3390,O,'-,0,YY,,,WSJOBS,2023-10-16 13:02:29
DK,CCJOBS,fromverticaloffsettype,F,Y,H,cont_19,16,1,1,3410,O,'-,0,YY,,,WSJOBS,2023-10-16 13:02:29
DK,CCJOBS,fromverticaloffsetuom,F,Y,H,cont_19,15,2,1,3400,O,'-,0,YY,,,WSJOBS,2023-10-16 13:02:29
DK,CCJOBS,fromxcoordinate,F,Y,H,cont_19,8,1,1,3310,O,'-,0,YY,,,WSJOBS,2023-10-16 13:02:29
DK,CCJOBS,fromycoordinate,F,Y,H,cont_19,9,1,1,3320,O,'-,0,YY,,,WSJOBS,2023-10-16 13:02:29
DK,CCJOBS,geocodeaddress,F,Y,H,cont_18,6,1,1,3230,O,'-,0,YY,,,WSJOBS,2025-10-01 23:36:50
DK,CCJOBS,guestprofileid,F,Y,P,cont_24,2,1,1,3680,P,'-,0,YY,,,WSJOBS,2023-10-16 13:02:29
DK,CCJOBS,hazardousmaterialsincident,F,Y,H,cont_9.2,5,1,1,3010,O,'-,0,YY,,,WSJOBS,2023-10-16 13:02:29
DK,CCJOBS,hipaaconfidentiality,F,Y,H,cont_9.1,15,1,1,2960,O,'-,0,YY,,,WSJOBS,2023-10-16 13:02:29
DK,CCJOBS,hotworkburnpermit,F,Y,H,cont_9.1,10,1,1,2910,O,'-,0,YY,,,WSJOBS,2023-10-16 13:02:29
DK,CCJOBS,humanfactor,F,Y,H,cont_5,24,1,1,850,O,'+,0,YY,,,WSJOBS,2023-10-16 13:02:29
DK,CCJOBS,humanoversight,F,Y,H,cont_6,26,1,1,1180,O,'+,0,YY,,,WSJOBS,2023-10-16 13:02:29
DK,CCJOBS,inspectiondirection,F,Y,H,cont_4.1,7,1,1,490,O,'-,0,YY,,,WSJOBS,2023-10-16 13:02:29
DK,CCJOBS,interiminfectioncontrol,F,Y,H,cont_9.1,3,1,1,2840,O,'-,0,YY,,,WSJOBS,2023-10-16 13:02:29
DK,CCJOBS,interimlifesafety,F,Y,H,cont_9.1,2,1,1,2830,O,'-,0,YY,,,WSJOBS,2023-10-16 13:02:29
DK,CCJOBS,lastmeterread,F,Y,H,cont_6,5,1,1,930,P,'-,0,YY,,,WSJOBS,2023-10-16 13:02:29
DK,CCJOBS,lastname,F,Y,P,cont_22,1,4,1,3640,P,'-,0,YY,,,WSJOBS,2023-10-16 13:02:29
DK,CCJOBS,latitude,F,Y,H,cont_6,21,1,1,1130,O,'+,0,YY,,,WSJOBS,2023-10-16 13:02:29
DK,CCJOBS,location,F,Y,O,cont_1,4,1,2,70,O,'-,0,YY,,,WSJOBS,2023-10-16 13:02:29
DK,CCJOBS,locationdesc,F,Y,P,cont_1,4,2,2,80,P,'-,0,YY,,,WSJOBS,2023-10-16 13:02:29
DK,CCJOBS,lockouttagout,F,Y,H,cont_9.1,9,1,1,2900,O,'-,0,YY,,,WSJOBS,2023-10-16 13:02:29
DK,CCJOBS,longitude,F,Y,H,cont_6,22,1,1,1140,O,'+,0,YY,,,WSJOBS,2023-10-16 13:02:29
DK,CCJOBS,maintenancepattern,F,Y,H,cont_5,5,1,1,640,P,'+,0,YN,,,WSJOBS,2023-10-16 13:02:29
DK,CCJOBS,maintenancepatterndash,F,Y,H,cont_5,5,2,1,650,O,'+,0,YN,,,WSJOBS,2023-10-16 13:02:29
DK,CCJOBS,managerprofileid,F,Y,P,cont_24,3,1,1,3690,P,'-,0,YY,,,WSJOBS,2023-10-16 13:02:29
DK,CCJOBS,manufacturer,F,Y,H,cont_7,9,1,1,1570,O,'-,0,YY,,,WSJOBS,2023-10-16 13:02:29
DK,CCJOBS,matlcode,F,Y,O,cont_7,5,1,1,1530,O,'-,0,YY,,,WSJOBS,2023-10-16 13:02:29
DK,CCJOBS,medicalequipmentincident,F,Y,H,cont_9.2,7,1,1,3030,O,'-,0,YY,,,WSJOBS,2023-10-16 13:02:29
DK,CCJOBS,meteruom,F,Y,H,cont_6,5,2,1,940,P,'-,0,YY,,,WSJOBS,2023-10-16 13:02:29
DK,CCJOBS,methodofdetection,F,Y,H,cont_6,27,1,1,1190,O,'+,0,YY,,,WSJOBS,2023-10-16 13:02:29
DK,CCJOBS,middlename,F,Y,P,cont_22,1,3,1,3630,P,'-,0,YY,,,WSJOBS,2023-10-16 13:02:29
DK,CCJOBS,minor,F,Y,H,cont_6,19,1,1,1110,O,'+,0,YY,,,WSJOBS,2023-10-16 13:02:29
DK,CCJOBS,model,F,Y,H,cont_2,9,1,1,170,P,'-,0,YY,,,WSJOBS,2023-10-16 13:02:29
DK,CCJOBS,mpsequence,F,Y,H,cont_5,5,3,1,660,P,'+,0,YN,,,WSJOBS,2023-10-16 13:02:29
DK,CCJOBS,msproject,F,Y,H,cont_5,8,1,1,690,P,'+,0,YY,,,WSJOBS,2023-10-16 13:02:29
DK,CCJOBS,multiequip,F,Y,H,cont_2,5,1,1,130,P,'-,0,YY,,,WSJOBS,2023-10-16 13:02:29
DK,CCJOBS,multipletrades,F,Y,H,cont_7,3,1,1,1510,P,'-,0,YY,,,WSJOBS,2023-10-16 13:02:29
DK,CCJOBS,oemsitesystemid,F,Y,H,cont_3,3,1,1,240,P,'-,0,YY,,,WSJOBS,2023-10-16 13:02:29
DK,CCJOBS,organization,F,S,S,cont_4,1,1,1,340,S,'-,0,YY,,,WSJOBS,2023-10-16 13:02:29
DK,CCJOBS,origcasemanagementtask,F,Y,H,cont_6.85,8,1,1,1480,P,'-,0,YY,,,WSJOBS,2023-10-16 13:02:29
DK,CCJOBS,originatingcase,F,Y,H,cont_6.85,7,1,1,1470,P,'-,0,YY,,,WSJOBS,2023-10-16 13:02:29
DK,CCJOBS,originatingjob,F,Y,H,cont_6,15,1,1,1070,P,'+,0,YY,,,WSJOBS,2023-10-16 13:02:29
DK,CCJOBS,originatingwo,F,Y,H,cont_6,14,1,1,1040,P,'+,0,YY,,,WSJOBS,2023-10-16 13:02:29
DK,CCJOBS,originatingwoactivity,F,Y,H,cont_6,14,3,1,1060,P,'+,0,YY,,,WSJOBS,2023-10-16 13:02:29
DK,CCJOBS,originatingwodash,F,Y,H,cont_6,14,2,1,1050,P,'+,0,YY,,,WSJOBS,2023-10-16 13:02:29
DK,CCJOBS,package,F,Y,P,cont_5,17,1,1,780,P,'+,0,YN,,,WSJOBS,2023-10-16 13:02:29
DK,CCJOBS,parentproperty,F,Y,H,cont_1,2,1,2,30,P,'-,0,YY,,,WSJOBS,2023-10-16 13:02:29
DK,CCJOBS,parentpropertydesc,F,Y,H,cont_1,2,2,2,40,P,'-,0,YY,,,WSJOBS,2023-10-16 13:02:29
DK,CCJOBS,parentwo,F,Y,H,cont_5,6,1,1,670,O,'+,0,YY,,,WSJOBS,2023-10-16 13:02:29
DK,CCJOBS,patientsafety,F,Y,H,cont_9.1,12,1,1,2930,O,'-,0,YY,,,WSJOBS,2023-10-16 13:02:29
DK,CCJOBS,patientvisitorinjury,F,Y,H,cont_9.2,1,1,1,2970,O,'-,0,YY,,,WSJOBS,2023-10-16 13:02:29
DK,CCJOBS,performlinearsearch,F,Y,H,cont_18,3,1,1,3200,O,'-,0,YY,,,WSJOBS,2023-10-16 13:02:29
DK,CCJOBS,permfixpromisedate,F,Y,O,cont_6.5,1,1,1,1270,O,'-,0,YY,,,WSJOBS,2023-10-16 13:02:29
DK,CCJOBS,permitreviewedby,F,Y,H,cont_5,20,1,1,810,P,'+,0,YY,,,WSJOBS,2023-10-16 13:02:29
DK,CCJOBS,personalprotectiveequipment,F,Y,H,cont_9.1,8,1,1,2890,O,'-,0,YY,,,WSJOBS,2023-10-16 13:02:29
DK,CCJOBS,phonenumber,F,Y,P,cont_23,2,1,1,3660,P,'-,0,YY,,,WSJOBS,2023-10-16 13:02:29
DK,CCJOBS,piddrawing,F,Y,H,cont_3,12,1,1,330,P,'-,0,YY,,,WSJOBS,2023-10-16 13:02:29
DK,CCJOBS,pidno,F,Y,H,cont_3,11,1,1,320,P,'-,0,YY,,,WSJOBS,2023-10-16 13:02:29
DK,CCJOBS,planforimprovement,F,Y,H,cont_9.1,5,1,1,2860,O,'-,0,YY,,,WSJOBS,2023-10-16 13:02:29
DK,CCJOBS,pmcode,F,Y,P,cont_5,4,1,1,630,P,'+,0,YY,,,WSJOBS,2023-10-16 13:02:29
DK,CCJOBS,pplreq,F,Y,O,cont_8,5,1,1,1620,O,'-,0,YY,,,WSJOBS,2023-10-16 13:02:29
DK,CCJOBS,preconstructionriskassessment,F,Y,H,cont_9.1,4,1,1,2850,O,'-,0,YY,,,WSJOBS,2023-10-16 13:02:29
DK,CCJOBS,preservecalcpriority,F,Y,H,cont_6,20,1,1,1120,O,'+,0,YY,,,WSJOBS,2023-10-16 13:02:29
DK,CCJOBS,printed,F,Y,H,cont_3,9,1,1,300,P,'-,0,YY,,,WSJOBS,2023-10-16 13:02:29
DK,CCJOBS,priority,F,Y,O,cont_6,2,1,1,890,O,'-,0,YY,,,WSJOBS,2023-10-16 13:02:29
DK,CCJOBS,problemcode,F,Y,O,cont_5,2,1,1,610,O,'-,0,YY,,,WSJOBS,2023-10-16 13:02:29
DK,CCJOBS,problemcodedesc,F,Y,H,cont_5,25,1,1,860,P,'+,0,YY,,,WSJOBS,2024-04-04 01:09:33
DK,CCJOBS,productionenddate,F,Y,P,cont_4.5,2,1,1,560,P,'-,0,YY,,,WSJOBS,2023-10-16 13:02:29
DK,CCJOBS,productionorder,F,Y,P,cont_4.3,3,1,1,540,P,'-,0,YY,,,WSJOBS,2023-10-16 13:02:29
DK,CCJOBS,productionpriority,F,Y,O,cont_4.6,1,1,2,580,O,'-,0,YY,,,WSJOBS,2023-10-16 13:02:29
DK,CCJOBS,productionprioritydescription,F,Y,H,cont_4.6,2,1,2,590,P,'-,0,YY,,,WSJOBS,2023-10-16 13:02:29
DK,CCJOBS,productionrequest,F,Y,P,cont_4.3,1,1,1,520,P,'-,0,YY,,,WSJOBS,2023-10-16 13:02:29
DK,CCJOBS,productionrequestrevision,F,Y,P,cont_4.3,2,1,1,530,P,'-,0,YY,,,WSJOBS,2023-10-16 13:02:29
DK,CCJOBS,productionstartdate,F,Y,P,cont_4.5,1,1,1,550,P,'-,0,YY,,,WSJOBS,2023-10-16 13:02:29
DK,CCJOBS,projbud,F,Y,H,cont_9,13,3,1,2730,O,'+,0,YN,,,WSJOBS,2023-10-16 13:02:29
DK,CCJOBS,project,F,Y,H,cont_9,13,1,1,2710,O,'+,0,YN,,,WSJOBS,2023-10-16 13:02:29
DK,CCJOBS,projectdash,F,Y,H,cont_9,13,2,1,2720,O,'+,0,YN,,,WSJOBS,2023-10-16 13:02:29
DK,CCJOBS,projectdesc,F,Y,H,cont_9,19,1,1,2810,P,'+,0,YY,,,WSJOBS,2025-04-03 00:51:36
DK,CCJOBS,property,F,Y,H,cont_5,12,1,1,730,P,'+,0,YN,,,WSJOBS,2023-10-16 13:02:29
DK,CCJOBS,propertydamage,F,Y,H,cont_9.2,4,1,1,3000,O,'-,0,YY,,,WSJOBS,2023-10-16 13:02:29
DK,CCJOBS,reasonforrepair,F,Y,H,cont_7,6,1,1,1540,O,'-,0,YY,,,WSJOBS,2023-10-16 13:02:29
DK,CCJOBS,recallnotice,F,Y,H,cont_9.1,13,1,1,2940,O,'-,0,YY,,,WSJOBS,2023-10-16 13:02:29
DK,CCJOBS,rejectreason,F,Y,H,cont_5,14,1,1,750,P,'+,0,YY,,,WSJOBS,2023-10-16 13:02:29
DK,CCJOBS,relatedfromoffset,F,Y,H,cont_19,6,1,1,3290,P,'-,0,YY,,,WSJOBS,2023-10-16 13:02:29
DK,CCJOBS,relatedfromoffsetdir,F,Y,H,cont_19,7,1,1,3300,P,'-,0,YY,,,WSJOBS,2023-10-16 13:02:29
DK,CCJOBS,relatedfromreferencedesc,F,Y,H,cont_19,5,1,1,3280,P,'-,0,YY,,,WSJOBS,2023-10-16 13:02:29
DK,CCJOBS,relatedtooffset,F,Y,H,cont_20,6,1,1,3470,P,'-,0,YY,,,WSJOBS,2023-10-16 13:02:29
DK,CCJOBS,relatedtooffsetdir,F,Y,H,cont_20,7,1,1,3480,P,'-,0,YY,,,WSJOBS,2023-10-16 13:02:29
DK,CCJOBS,relatedtoreferencedesc,F,Y,H,cont_20,5,1,1,3460,P,'-,0,YY,,,WSJOBS,2023-10-16 13:02:29
DK,CCJOBS,relationshiptype,F,Y,H,cont_4.1,9,1,1,510,O,'-,0,YY,,,WSJOBS,2023-10-16 13:02:29
DK,CCJOBS,reliabilityranking,F,Y,H,cont_2,11,1,1,190,P,'-,0,YY,,,WSJOBS,2023-10-16 13:02:29
DK,CCJOBS,reliabilityrankingindex,F,Y,H,cont_2,12,1,1,200,P,'-,0,YY,,,WSJOBS,2023-10-16 13:02:29
DK,CCJOBS,reliabilityrankingscore,F,Y,H,cont_2,13,1,1,210,P,'-,0,YY,,,WSJOBS,2023-10-16 13:02:29
DK,CCJOBS,remhrs,F,Y,O,cont_8,4,1,1,1610,O,'-,0,YY,,,WSJOBS,2023-10-16 13:02:29
DK,CCJOBS,reopened,F,Y,H,cont_5,15,1,1,760,P,'+,0,YY,,,WSJOBS,2023-10-16 13:02:29
DK,CCJOBS,reportedby,F,Y,O,cont_9,1,1,1,2590,O,'-,0,YY,,,WSJOBS,2023-10-16 13:02:29
DK,CCJOBS,reqenddate,F,Y,H,cont_9,9,1,1,2670,O,'+,0,YY,,,WSJOBS,2023-10-16 13:02:29
DK,CCJOBS,reqstartdate,F,Y,H,cont_9,8,1,1,2660,O,'+,0,YY,,,WSJOBS,2023-10-16 13:02:29
DK,CCJOBS,requestedbyname,F,Y,H,cont_9,17,1,1,2790,P,'+,0,YY,,,WSJOBS,2024-04-04 01:09:33
DK,CCJOBS,routecode,F,Y,H,cont_6,9,1,1,980,O,'+,0,YY,,,WSJOBS,2023-10-16 13:02:29
DK,CCJOBS,routestatusdesc,F,Y,H,cont_6,10,1,1,990,P,'+,0,YN,,,WSJOBS,2023-10-16 13:02:29
DK,CCJOBS,safety,F,Y,O,cont_3,6,1,1,270,O,'-,0,YY,,,WSJOBS,2023-10-16 13:02:29
DK,CCJOBS,safetyreviewedby,F,Y,H,cont_5,19,1,1,800,P,'+,0,YY,,,WSJOBS,2023-10-16 13:02:29
DK,CCJOBS,salutation_display,F,Y,P,cont_22,1,1,1,3610,P,'-,0,YY,,,WSJOBS,2023-10-16 13:02:29
DK,CCJOBS,schedenddate,F,Y,O,cont_9,7,1,1,2650,O,'+,0,YY,,,WSJOBS,2023-10-16 13:02:29
DK,CCJOBS,schedgroup,F,Y,O,cont_9,3,1,1,2610,O,'+,0,YY,,,WSJOBS,2023-10-16 13:02:29
DK,CCJOBS,schedsessiontypedesc,F,Y,H,cont_5,9,1,1,700,P,'+,0,YY,,,WSJOBS,2023-10-16 13:02:29
DK,CCJOBS,schedstartdate,F,Y,O,cont_9,6,1,1,2640,O,'+,0,YY,,,WSJOBS,2023-10-16 13:02:29
DK,CCJOBS,securityincident,F,Y,H,cont_9.2,3,1,1,2990,O,'-,0,YY,,,WSJOBS,2023-10-16 13:02:29
DK,CCJOBS,serialnumber,F,Y,H,cont_2,7,1,1,150,P,'-,0,YY,,,WSJOBS,2023-10-16 13:02:29
DK,CCJOBS,servicecategory,F,Y,O,cont_6.3,5,1,1,1260,O,'-,0,YY,,,WSJOBS,2023-10-16 13:02:29
DK,CCJOBS,servicecategoryorg,F,Y,H,cont_6.5,5,1,1,1310,P,'-,0,YY,,,WSJOBS,2023-10-16 13:02:29
DK,CCJOBS,servicecustomerrequest,F,Y,H,cont_6.85,4,1,1,1440,P,'-,0,YY,,,WSJOBS,2023-10-16 13:02:29
DK,CCJOBS,servicecustomerrequestorg,F,Y,H,cont_6.85,5,1,1,1450,P,'-,0,YY,,,WSJOBS,2023-10-16 13:02:29
DK,CCJOBS,serviceproblemcode,F,Y,O,cont_6.5,3,1,1,1290,O,'-,0,YY,,,WSJOBS,2023-10-16 13:02:29
DK,CCJOBS,serviceproblemcodeorg,F,Y,H,cont_6.5,4,1,1,1300,P,'-,0,YY,,,WSJOBS,2023-10-16 13:02:29
DK,CCJOBS,servicerequestid,F,Y,H,cont_9,16,1,1,2780,O,'+,0,YN,,,WSJOBS,2023-10-16 13:02:29
DK,CCJOBS,servicerequeststatus,F,Y,H,cont_6.85,6,1,1,1460,P,'-,0,YY,,,WSJOBS,2023-10-16 13:02:29
DK,CCJOBS,shift,F,Y,H,cont_9,12,1,1,2700,O,'+,0,YY,,,WSJOBS,2023-10-16 13:02:29
DK,CCJOBS,smda,F,Y,H,cont_9.1,14,1,1,2950,O,'-,0,YY,,,WSJOBS,2023-10-16 13:02:29
DK,CCJOBS,staffinjuryillness,F,Y,H,cont_9.2,2,1,1,2980,O,'-,0,YY,,,WSJOBS,2023-10-16 13:02:29
DK,CCJOBS,standardwo,F,Y,O,cont_6,1,1,1,880,O,'-,0,YY,,,WSJOBS,2023-10-16 13:02:29
DK,CCJOBS,startdate,F,Y,H,cont_9,10,1,1,2680,O,'+,0,YY,,,WSJOBS,2023-10-16 13:02:29
DK,CCJOBS,statementofconditions,F,Y,H,cont_9.1,6,1,1,2870,O,'-,0,YY,,,WSJOBS,2023-10-16 13:02:29
DK,CCJOBS,supplier,F,Y,O,cont_6.3,3,1,1,1240,O,'-,0,YY,,,WSJOBS,2023-10-16 13:02:29
DK,CCJOBS,supplierorg,F,Y,H,cont_6.3,4,1,1,1250,P,'-,0,YY,,,WSJOBS,2023-10-16 13:02:29
DK,CCJOBS,survey,F,Y,H,cont_3,10,1,1,310,P,'-,0,YY,,,WSJOBS,2023-10-16 13:02:29
DK,CCJOBS,symptom,F,Y,H,cont_5,22,1,1,830,O,'+,0,YY,,,WSJOBS,2023-10-16 13:02:29
DK,CCJOBS,syslevel,F,Y,H,cont_8,6,1,1,1630,O,'-,0,YY,,,WSJOBS,2023-10-16 13:02:29
DK,CCJOBS,tacticalcause,F,Y,H,cont_5,23,1,1,840,O,'+,0,YY,,,WSJOBS,2023-10-16 13:02:29
DK,CCJOBS,taginfomap,F,Y,H,cont_18,5,1,1,3220,O,'-,0,YY,,,WSJOBS,2025-04-03 00:51:36
DK,CCJOBS,targetvalcurrency,F,Y,P,cont_6,4,2,1,920,P,'-,0,YY,,,WSJOBS,2023-10-16 13:02:29
DK,CCJOBS,targetvalue,F,Y,O,cont_6,4,1,1,910,O,'-,0,YY,,,WSJOBS,2023-10-16 13:02:29
DK,CCJOBS,task,F,Y,O,cont_7,4,1,1,1520,O,'-,0,YY,,,WSJOBS,2023-10-16 13:02:29
DK,CCJOBS,techpartfailure,F,Y,H,cont_7,8,1,1,1560,O,'-,0,YY,,,WSJOBS,2023-10-16 13:02:29
DK,CCJOBS,tempfixdatecompleted,F,Y,O,cont_6.5,2,1,1,1280,O,'-,0,YY,,,WSJOBS,2023-10-16 13:02:29
DK,CCJOBS,tempfixpromisedate,F,Y,O,cont_6.3,2,1,1,1230,O,'-,0,YY,,,WSJOBS,2023-10-16 13:02:29
DK,CCJOBS,togeoref,F,Y,O,cont_4.1,6,1,2,480,O,'-,0,YY,,,WSJOBS,2023-10-16 13:02:29
DK,CCJOBS,tohorizontaloffset,F,Y,H,cont_20,13,1,1,3540,O,'-,0,YY,,,WSJOBS,2023-10-16 13:02:29
DK,CCJOBS,tohorizontaloffsettype,F,Y,H,cont_20,14,1,1,3560,O,'-,0,YY,,,WSJOBS,2023-10-16 13:02:29
DK,CCJOBS,tohorizontaloffsetuom,F,Y,H,cont_20,13,2,1,3550,O,'-,0,YY,,,WSJOBS,2023-10-16 13:02:29
DK,CCJOBS,tolatitude,F,Y,H,cont_20,10,1,1,3510,O,'-,0,YY,,,WSJOBS,2023-10-16 13:02:29
DK,CCJOBS,tolongitude,F,Y,H,cont_20,11,1,1,3520,O,'-,0,YY,,,WSJOBS,2023-10-16 13:02:29
DK,CCJOBS,tooffset,F,Y,H,cont_20,2,1,1,3430,O,'-,0,YY,,,WSJOBS,2023-10-16 13:02:29
DK,CCJOBS,tooffsetdirection,F,Y,H,cont_20,4,1,1,3450,O,'-,0,YY,,,WSJOBS,2023-10-16 13:02:29
DK,CCJOBS,tooffsetpercent,F,Y,H,cont_20,3,1,1,3440,O,'-,0,YY,,,WSJOBS,2023-10-16 13:02:29
DK,CCJOBS,topoint,F,Y,O,cont_4.1,4,1,1,450,O,'-,0,YY,,,WSJOBS,2023-10-16 13:02:29
DK,CCJOBS,topointuom_display,F,Y,P,cont_4.1,4,2,1,460,P,'-,0,YY,,,WSJOBS,2023-10-16 13:02:29
DK,CCJOBS,torefdesc,F,Y,O,cont_4.1,5,1,2,470,O,'-,0,YY,,,WSJOBS,2023-10-16 13:02:29
DK,CCJOBS,toreferencepoint,F,Y,H,cont_20,1,1,1,3420,O,'-,0,YY,,,WSJOBS,2023-10-16 13:02:29
DK,CCJOBS,torelationshiptype,F,Y,H,cont_20,12,1,1,3530,O,'-,0,YY,,,WSJOBS,2023-10-16 13:02:29
DK,CCJOBS,totalestcostcurrency,F,Y,H,cont_6.8,4,2,1,1400,P,'-,0,YY,,,WSJOBS,2023-10-16 13:02:29
DK,CCJOBS,totalestimatedcost,F,Y,H,cont_6.8,4,1,1,1390,P,'-,0,YY,,,WSJOBS,2023-10-16 13:02:29
DK,CCJOBS,totalestlaborcost,F,Y,H,cont_6.8,1,1,1,1330,P,'-,0,YY,,,WSJOBS,2023-10-16 13:02:29
DK,CCJOBS,totalestmatlcost,F,Y,H,cont_6.8,2,1,1,1350,P,'-,0,YY,,,WSJOBS,2023-10-16 13:02:29
DK,CCJOBS,totalestmisccost,F,Y,H,cont_6.8,3,1,1,1370,P,'-,0,YY,,,WSJOBS,2023-10-16 13:02:29
DK,CCJOBS,toverticaloffset,F,Y,H,cont_20,15,1,1,3570,O,'-,0,YY,,,WSJOBS,2023-10-16 13:02:29
DK,CCJOBS,toverticaloffsettype,F,Y,H,cont_20,16,1,1,3590,O,'-,0,YY,,,WSJOBS,2023-10-16 13:02:29
DK,CCJOBS,toverticaloffsetuom,F,Y,H,cont_20,15,2,1,3580,O,'-,0,YY,,,WSJOBS,2023-10-16 13:02:29
DK,CCJOBS,toxcoordinate,F,Y,H,cont_20,8,1,1,3490,O,'-,0,YY,,,WSJOBS,2023-10-16 13:02:29
DK,CCJOBS,toycoordinate,F,Y,H,cont_20,9,1,1,3500,O,'-,0,YY,,,WSJOBS,2023-10-16 13:02:29
DK,CCJOBS,traceroute,F,Y,H,cont_18,2,1,1,3190,O,'-,0,YY,,,WSJOBS,2023-10-16 13:02:29
DK,CCJOBS,trade,F,Y,O,cont_7,2,1,1,1500,O,'-,0,YY,,,WSJOBS,2023-10-16 13:02:29
DK,CCJOBS,triggerevent,F,Y,H,cont_6,6,1,1,950,P,'-,0,YY,,,WSJOBS,2023-10-16 13:02:29
DK,CCJOBS,udfbutton01,F,N,H,cont_8.5,43,1,1,2520,O,'-,0,YY,,,WSJOBS,2023-10-16 13:02:29
DK,CCJOBS,udfbutton02,F,N,H,cont_8.5,44,1,1,2530,O,'-,0,YY,,,WSJOBS,2023-10-16 13:02:29
DK,CCJOBS,udfbutton03,F,N,H,cont_8.5,45,1,1,2540,O,'-,0,YY,,,WSJOBS,2023-10-16 13:02:29
DK,CCJOBS,udfbutton04,F,N,H,cont_8.5,46,1,1,2550,O,'-,0,YY,,,WSJOBS,2023-10-16 13:02:29
DK,CCJOBS,udfbutton05,F,N,H,cont_8.5,47,1,1,2560,O,'-,0,YY,,,WSJOBS,2023-10-16 13:02:29
DK,CCJOBS,udfchar01,F,Y,O,cont_8.4,1,1,1,1670,O,'-,0,YY,,,WSJOBS,2023-10-16 13:02:29
DK,CCJOBS,udfchar02,F,Y,O,cont_8.5,1,1,1,2100,O,'-,0,YY,,,WSJOBS,2023-10-16 13:02:29
DK,CCJOBS,udfchar03,F,Y,O,cont_8.4,2,1,1,1680,O,'-,0,YY,,,WSJOBS,2023-10-16 13:02:29
DK,CCJOBS,udfchar04,F,Y,O,cont_8.5,2,1,1,2110,O,'-,0,YY,,,WSJOBS,2023-10-16 13:02:29
DK,CCJOBS,udfchar05,F,Y,O,cont_8.4,3,1,1,1690,O,'-,0,YY,,,WSJOBS,2023-10-16 13:02:29
DK,CCJOBS,udfchar06,F,N,H,cont_8.5,3,1,1,2120,O,'-,0,YY,,,WSJOBS,2023-10-16 13:02:29
DK,CCJOBS,udfchar07,F,N,H,cont_8.4,4,1,1,1700,O,'-,0,YY,,,WSJOBS,2023-10-16 13:02:29
DK,CCJOBS,udfchar08,F,N,H,cont_8.5,4,1,1,2130,O,'-,0,YY,,,WSJOBS,2023-10-16 13:02:29
DK,CCJOBS,udfchar09,F,N,H,cont_8.4,5,1,1,1710,O,'-,0,YY,,,WSJOBS,2023-10-16 13:02:29
DK,CCJOBS,udfchar10,F,N,H,cont_8.5,5,1,1,2140,O,'-,0,YY,,,WSJOBS,2023-10-16 13:02:29
DK,CCJOBS,udfchar11,F,N,H,cont_8.4,6,1,1,1720,O,'-,0,YY,,,WSJOBS,2023-10-16 13:02:29
DK,CCJOBS,udfchar12,F,N,H,cont_8.5,6,1,1,2150,O,'-,0,YY,,,WSJOBS,2023-10-16 13:02:29
DK,CCJOBS,udfchar13,F,N,H,cont_8.4,7,1,1,1730,O,'-,0,YY,,,WSJOBS,2023-10-16 13:02:29
DK,CCJOBS,udfchar14,F,N,H,cont_8.5,7,1,1,2160,O,'-,0,YY,,,WSJOBS,2023-10-16 13:02:29
DK,CCJOBS,udfchar15,F,N,H,cont_8.4,8,1,1,1740,O,'-,0,YY,,,WSJOBS,2023-10-16 13:02:29
DK,CCJOBS,udfchar16,F,N,H,cont_8.5,8,1,1,2170,O,'-,0,YY,,,WSJOBS,2023-10-16 13:02:29
DK,CCJOBS,udfchar17,F,N,H,cont_8.4,9,1,1,1750,O,'-,0,YY,,,WSJOBS,2023-10-16 13:02:29
DK,CCJOBS,udfchar18,F,N,H,cont_8.5,9,1,1,2180,O,'-,0,YY,,,WSJOBS,2023-10-16 13:02:29
DK,CCJOBS,udfchar19,F,N,H,cont_8.4,10,1,1,1760,O,'-,0,YY,,,WSJOBS,2023-10-16 13:02:29
DK,CCJOBS,udfchar20,F,N,H,cont_8.5,10,1,1,2190,O,'-,0,YY,,,WSJOBS,2023-10-16 13:02:29
DK,CCJOBS,udfchar21,F,N,H,cont_8.4,11,1,1,1770,O,'-,0,YY,,,WSJOBS,2023-10-16 13:02:29
DK,CCJOBS,udfchar22,F,N,H,cont_8.5,11,1,1,2200,O,'-,0,YY,,,WSJOBS,2023-10-16 13:02:29
DK,CCJOBS,udfchar23,F,N,H,cont_8.4,12,1,1,1780,O,'-,0,YY,,,WSJOBS,2023-10-16 13:02:29
DK,CCJOBS,udfchar24,F,N,H,cont_8.5,12,1,1,2210,O,'-,0,YY,,,WSJOBS,2023-10-16 13:02:29
DK,CCJOBS,udfchar25,F,N,H,cont_8.4,13,1,1,1790,O,'-,0,YY,,,WSJOBS,2023-10-16 13:02:29
DK,CCJOBS,udfchar26,F,N,H,cont_8.5,13,1,1,2220,O,'-,0,YY,,,WSJOBS,2023-10-16 13:02:29
DK,CCJOBS,udfchar27,F,N,H,cont_8.4,14,1,1,1800,O,'-,0,YY,,,WSJOBS,2023-10-16 13:02:29
DK,CCJOBS,udfchar28,F,N,H,cont_8.5,14,1,1,2230,O,'-,0,YY,,,WSJOBS,2023-10-16 13:02:29
DK,CCJOBS,udfchar29,F,N,H,cont_8.4,15,1,1,1810,O,'-,0,YY,,,WSJOBS,2023-10-16 13:02:29
DK,CCJOBS,udfchar30,F,N,H,cont_8.5,15,1,1,2240,O,'-,0,YY,,,WSJOBS,2023-10-16 13:02:29
DK,CCJOBS,udfchar31,F,N,H,cont_8.4,16,1,1,1820,O,'-,0,YY,,,WSJOBS,2023-10-16 13:02:29
DK,CCJOBS,udfchar32,F,N,H,cont_8.5,16,1,1,2250,O,'-,0,YY,,,WSJOBS,2023-10-16 13:02:29
DK,CCJOBS,udfchar33,F,N,H,cont_8.4,17,1,1,1830,O,'-,0,YY,,,WSJOBS,2023-10-16 13:02:29
DK,CCJOBS,udfchar34,F,N,H,cont_8.5,17,1,1,2260,O,'-,0,YY,,,WSJOBS,2023-10-16 13:02:29
DK,CCJOBS,udfchar35,F,N,H,cont_8.4,18,1,1,1840,O,'-,0,YY,,,WSJOBS,2023-10-16 13:02:29
DK,CCJOBS,udfchar36,F,N,H,cont_8.5,18,1,1,2270,O,'-,0,YY,,,WSJOBS,2023-10-16 13:02:29
DK,CCJOBS,udfchar37,F,N,H,cont_8.4,19,1,1,1850,O,'-,0,YY,,,WSJOBS,2023-10-16 13:02:29
DK,CCJOBS,udfchar38,F,N,H,cont_8.5,19,1,1,2280,O,'-,0,YY,,,WSJOBS,2023-10-16 13:02:29
DK,CCJOBS,udfchar39,F,N,H,cont_8.4,20,1,1,1860,O,'-,0,YY,,,WSJOBS,2023-10-16 13:02:29
DK,CCJOBS,udfchar40,F,N,H,cont_8.5,20,1,1,2290,O,'-,0,YY,,,WSJOBS,2023-10-16 13:02:29
DK,CCJOBS,udfchar41,F,N,H,cont_8.4,21,1,1,1870,O,'-,0,YY,,,WSJOBS,2023-10-16 13:02:29
DK,CCJOBS,udfchar42,F,N,H,cont_8.5,21,1,1,2300,O,'-,0,YY,,,WSJOBS,2023-10-16 13:02:29
DK,CCJOBS,udfchar43,F,N,H,cont_8.4,22,1,1,1880,O,'-,0,YY,,,WSJOBS,2023-10-16 13:02:29
DK,CCJOBS,udfchar44,F,N,H,cont_8.5,22,1,1,2310,O,'-,0,YY,,,WSJOBS,2023-10-16 13:02:29
DK,CCJOBS,udfchar45,F,N,H,cont_8.4,23,1,1,1890,O,'-,0,YY,,,WSJOBS,2023-10-16 13:02:29
DK,CCJOBS,udfchar46,F,N,H,cont_8.5,23,1,1,2320,O,'-,0,YY,,,WSJOBS,2023-10-16 13:02:29
DK,CCJOBS,udfchar47,F,N,H,cont_8.4,24,1,1,1900,O,'-,0,YY,,,WSJOBS,2023-10-16 13:02:29
DK,CCJOBS,udfchar48,F,N,H,cont_8.5,24,1,1,2330,O,'-,0,YY,,,WSJOBS,2023-10-16 13:02:29
DK,CCJOBS,udfchar49,F,N,H,cont_8.4,25,1,1,1910,O,'-,0,YY,,,WSJOBS,2023-10-16 13:02:29
DK,CCJOBS,udfchar50,F,N,H,cont_8.5,25,1,1,2340,O,'-,0,YY,,,WSJOBS,2023-10-16 13:02:29
DK,CCJOBS,udfchar51,F,N,H,cont_8.4,26,1,1,1920,O,'-,0,YY,,,WSJOBS,2023-10-16 13:02:29
DK,CCJOBS,udfchar52,F,N,H,cont_8.5,26,1,1,2350,O,'-,0,YY,,,WSJOBS,2023-10-16 13:02:29
DK,CCJOBS,udfchar53,F,N,H,cont_8.4,27,1,1,1930,O,'-,0,YY,,,WSJOBS,2023-10-16 13:02:29
DK,CCJOBS,udfchar54,F,N,H,cont_8.5,27,1,1,2360,O,'-,0,YY,,,WSJOBS,2023-10-16 13:02:29
DK,CCJOBS,udfchar55,F,N,H,cont_8.4,28,1,1,1940,O,'-,0,YY,,,WSJOBS,2023-10-16 13:02:29
DK,CCJOBS,udfchkbox01,F,N,H,cont_8.5,38,1,1,2470,O,'-,0,YY,,,WSJOBS,2023-10-16 13:02:29
DK,CCJOBS,udfchkbox02,F,N,H,cont_8.4,39,1,1,2050,O,'-,0,YY,,,WSJOBS,2023-10-16 13:02:29
DK,CCJOBS,udfchkbox03,F,N,H,cont_8.5,39,1,1,2480,O,'-,0,YY,,,WSJOBS,2023-10-16 13:02:29
DK,CCJOBS,udfchkbox04,F,N,H,cont_8.4,40,1,1,2060,O,'-,0,YY,,,WSJOBS,2023-10-16 13:02:29
DK,CCJOBS,udfchkbox05,F,N,H,cont_8.5,40,1,1,2490,O,'-,0,YY,,,WSJOBS,2023-10-16 13:02:29
DK,CCJOBS,udfchkbox06,F,N,H,cont_8.4,41,1,1,2070,O,'-,0,YY,,,WSJOBS,2023-10-16 13:02:29
DK,CCJOBS,udfchkbox07,F,N,H,cont_8.5,41,1,1,2500,O,'-,0,YY,,,WSJOBS,2023-10-16 13:02:29
DK,CCJOBS,udfchkbox08,F,N,H,cont_8.4,42,1,1,2080,O,'-,0,YY,,,WSJOBS,2023-10-16 13:02:29
DK,CCJOBS,udfchkbox09,F,N,H,cont_8.5,42,1,1,2510,O,'-,0,YY,,,WSJOBS,2023-10-16 13:02:29
DK,CCJOBS,udfchkbox10,F,N,H,cont_8.4,43,1,1,2090,O,'-,0,YY,,,WSJOBS,2023-10-16 13:02:29
DK,CCJOBS,udfdate01,F,N,H,cont_8.5,28,1,1,2370,O,'-,0,YY,,,WSJOBS,2023-10-16 13:02:29
DK,CCJOBS,udfdate02,F,N,H,cont_8.4,29,1,1,1950,O,'-,0,YY,,,WSJOBS,2023-10-16 13:02:29
DK,CCJOBS,udfdate03,F,N,H,cont_8.5,29,1,1,2380,O,'-,0,YY,,,WSJOBS,2023-10-16 13:02:29
DK,CCJOBS,udfdate04,F,N,H,cont_8.4,30,1,1,1960,O,'-,0,YY,,,WSJOBS,2023-10-16 13:02:29
DK,CCJOBS,udfdate05,F,N,H,cont_8.5,30,1,1,2390,O,'-,0,YY,,,WSJOBS,2023-10-16 13:02:29
DK,CCJOBS,udfdate06,F,N,H,cont_8.4,31,1,1,1970,O,'-,0,YY,,,WSJOBS,2023-10-16 13:02:29
DK,CCJOBS,udfdate07,F,N,H,cont_8.5,31,1,1,2400,O,'-,0,YY,,,WSJOBS,2023-10-16 13:02:29
DK,CCJOBS,udfdate08,F,N,H,cont_8.4,32,1,1,1980,O,'-,0,YY,,,WSJOBS,2023-10-16 13:02:29
DK,CCJOBS,udfdate09,F,N,H,cont_8.5,32,1,1,2410,O,'-,0,YY,,,WSJOBS,2023-10-16 13:02:29
DK,CCJOBS,udfdate10,F,N,H,cont_8.4,33,1,1,1990,O,'-,0,YY,,,WSJOBS,2023-10-16 13:02:29
DK,CCJOBS,udfnote01,F,N,H,cont_8.6,1,1,2,2570,O,'-,0,YY,,,WSJOBS,2023-10-16 13:02:29
DK,CCJOBS,udfnote02,F,N,H,cont_8.6,2,1,2,2580,O,'-,0,YY,,,WSJOBS,2023-10-16 13:02:29
DK,CCJOBS,udfnum01,F,N,H,cont_8.5,33,1,1,2420,O,'-,0,YY,,,WSJOBS,2023-10-16 13:02:29
DK,CCJOBS,udfnum02,F,N,H,cont_8.4,34,1,1,2000,O,'-,0,YY,,,WSJOBS,2023-10-16 13:02:29
DK,CCJOBS,udfnum03,F,N,H,cont_8.5,34,1,1,2430,O,'-,0,YY,,,WSJOBS,2023-10-16 13:02:29
DK,CCJOBS,udfnum04,F,N,H,cont_8.4,35,1,1,2010,O,'-,0,YY,,,WSJOBS,2023-10-16 13:02:29
DK,CCJOBS,udfnum05,F,N,H,cont_8.5,35,1,1,2440,O,'-,0,YY,,,WSJOBS,2023-10-16 13:02:29
DK,CCJOBS,udfnum06,F,N,H,cont_8.4,36,1,1,2020,O,'-,0,YY,,,WSJOBS,2023-10-16 13:02:29
DK,CCJOBS,udfnum07,F,N,H,cont_8.5,36,1,1,2450,O,'-,0,YY,,,WSJOBS,2023-10-16 13:02:29
DK,CCJOBS,udfnum08,F,N,H,cont_8.4,37,1,1,2030,O,'-,0,YY,,,WSJOBS,2023-10-16 13:02:29
DK,CCJOBS,udfnum09,F,N,H,cont_8.5,37,1,1,2460,O,'-,0,YY,,,WSJOBS,2023-10-16 13:02:29
DK,CCJOBS,udfnum10,F,N,H,cont_8.4,38,1,1,2040,O,'-,0,YY,,,WSJOBS,2023-10-16 13:02:29
DK,CCJOBS,unsignedwodifferences,F,Y,H,cont_13.5,1,1,1,3160,O,'-,0,YY,,,WSJOBS,2023-10-16 13:02:29
DK,CCJOBS,utilitysystemincident,F,Y,H,cont_9.2,8,1,1,3040,O,'-,0,YY,,,WSJOBS,2023-10-16 13:02:29
DK,CCJOBS,vendor,F,Y,H,cont_3,4,1,1,250,P,'-,0,YY,,,WSJOBS,2023-10-16 13:02:29
DK,CCJOBS,viewequipcustomfields,F,Y,H,cont_12,1,1,1,3130,O,'-,0,YY,,,WSJOBS,2023-10-16 13:02:29
DK,CCJOBS,viewequipmaterialusage,F,Y,H,cont_12.5,1,1,1,3140,O,'-,0,YY,,,WSJOBS,2023-10-16 13:02:29
DK,CCJOBS,viewgismap,F,Y,H,cont_10.3,1,1,1,3060,O,'-,0,YY,,,WSJOBS,2023-10-16 13:02:29
DK,CCJOBS,viewplannedpartava,F,Y,H,cont_13,1,1,1,3150,O,'-,0,YY,,,WSJOBS,2023-10-16 13:02:29
DK,CCJOBS,vipstatus_display,F,Y,P,cont_23,1,1,1,3650,P,'-,0,YY,,,WSJOBS,2023-10-16 13:02:29
DK,CCJOBS,warranty,F,Y,O,cont_3,7,1,1,280,O,'-,0,YY,,,WSJOBS,2023-10-16 13:02:29
DK,CCJOBS,woclass,F,Y,O,cont_5,1,1,1,600,O,'-,0,YY,,,WSJOBS,2023-10-16 13:02:29
DK,CCJOBS,workaccomplished,F,Y,H,cont_7,7,1,1,1550,O,'-,0,YY,,,WSJOBS,2023-10-16 13:02:29
DK,CCJOBS,workaddress,F,Y,O,cont_6.7,1,1,2,1320,O,'-,0,YY,,,WSJOBS,2023-10-16 13:02:29
DK,CCJOBS,workmanship,F,Y,H,cont_6,25,1,1,1170,O,'+,0,YY,,,WSJOBS,2023-10-16 13:02:29
DK,CCJOBS,workordernum,F,S,P,cont_1,1,1,2,10,P,'-,0,YY,,,WSJOBS,2023-10-16 13:02:29
DK,CCJOBS,workorderstatus,F,S,S,cont_3,2,1,1,230,S,'-,0,YY,,,WSJOBS,2023-10-16 13:02:29
DK,CCJOBS,workordertype,F,S,S,cont_2,1,1,1,90,S,'-,0,YY,,,WSJOBS,2023-10-16 13:02:29
DK,CCJOBS,workspace,F,Y,H,cont_3,1,1,1,220,O,'-,0,YY,,,WSJOBS,2023-10-16 13:02:29
DK,TRJOBS,aboveceilingpermit,F,Y,H,cont_9.1,1,1,1,2820,O,'-,2,YY,,,WSJOBS,2025-09-25 20:44:12
DK,TRJOBS,accountingentity,F,Y,P,cont_4.5,3,1,1,580,P,'+,2,YY,,,WSJOBS,2025-09-25 20:44:12
DK,TRJOBS,actenddate,F,Y,H,cont_8,2,1,1,1600,R,'+,2,YY,,,WSJOBS,2025-09-25 20:44:12
DK,TRJOBS,actioncode,F,Y,H,cont_6,8,1,1,980,O,'+,2,YY,,,WSJOBS,2025-09-25 20:44:12
DK,TRJOBS,actioncodedesc,F,Y,H,cont_6,29,1,1,1220,P,'+,2,YY,,,WSJOBS,2025-09-25 20:44:12
DK,TRJOBS,activity,F,Y,H,cont_7,1,1,1,1500,P,'+,2,YY,,,WSJOBS,2025-09-25 20:44:12
DK,TRJOBS,actstartdate,F,Y,H,cont_8,1,1,1,1590,R,'+,2,YY,,,WSJOBS,2025-09-25 20:44:12
DK,TRJOBS,alertcode,F,Y,H,cont_5,18,1,1,800,P,'+,2,YN,,,WSJOBS,2025-09-25 20:44:12
DK,TRJOBS,alias,F,Y,H,cont_2,6,1,1,150,P,'+,2,YY,,,WSJOBS,2025-09-25 20:44:12
DK,TRJOBS,assignedbyname,F,Y,H,cont_9,18,1,1,2800,P,'+,2,YY,,,WSJOBS,2025-09-25 20:44:12
DK,TRJOBS,assignedto,F,Y,O,cont_9,4,1,1,2620,O,'+,2,YY,,,WSJOBS,2025-09-25 20:44:12
DK,TRJOBS,assignedtodesc,F,Y,H,cont_9,5,1,1,2630,P,'+,2,YY,,,WSJOBS,2025-09-25 20:44:12
DK,TRJOBS,asslevel,F,Y,H,cont_8,7,1,1,1650,O,'+,2,YY,,,WSJOBS,2025-09-25 20:44:12
DK,TRJOBS,block_1,B,Y,O,,,,,,O,'-,0,YY,,,WSJOBS,2023-10-16 13:02:29
DK,TRJOBS,block_10,B,Y,O,,,,,,O,'-,0,YY,,,WSJOBS,2023-10-16 13:02:29
DK,TRJOBS,block_12,B,Y,H,,,,,,O,'-,0,YY,,,WSJOBS,2023-10-16 13:02:29
DK,TRJOBS,block_13,B,Y,H,,,,,,O,'-,0,YY,,,WSJOBS,2023-10-16 13:02:29
DK,TRJOBS,block_14,B,Y,H,,,,,,O,'-,0,YY,,,WSJOBS,2023-10-16 13:02:29
DK,TRJOBS,block_2,B,Y,O,,,,,,O,'-,0,YY,,,WSJOBS,2023-10-16 13:02:29
DK,TRJOBS,block_3,B,Y,O,,,,,,O,'-,0,YY,,,WSJOBS,2023-10-16 13:02:29
DK,TRJOBS,block_4,B,Y,O,,,,,,O,'-,0,YY,,,WSJOBS,2023-10-16 13:02:29
DK,TRJOBS,block_5,B,Y,O,,,,,,O,'-,0,YY,,,WSJOBS,2023-10-16 13:02:29
DK,TRJOBS,block_6,B,Y,H,,,,,,C,'+,1,YY,,,WSJOBS,2025-09-25 20:44:12
DK,TRJOBS,block_7,B,Y,H,,,,,,O,'-,0,YY,,,WSJOBS,2023-10-16 13:02:29
DK,TRJOBS,block_8,B,Y,H,,,,,,C,'+,1,YY,,,WSJOBS,2025-09-25 20:44:12
DK,TRJOBS,block_9,B,Y,H,,,,,,O,'-,0,YY,,,WSJOBS,2023-10-16 13:02:29
DK,TRJOBS,buildingmaintenanceprogram,F,Y,H,cont_9.1,7,1,1,2880,O,'-,2,YY,,,WSJOBS,2025-09-25 20:44:12
DK,TRJOBS,calcpriority,F,Y,H,cont_6,17,1,1,1100,O,'+,2,YY,,,WSJOBS,2025-09-25 20:44:12
DK,TRJOBS,callcenterworeport,F,Y,H,cont_17,1,1,1,3170,O,'-,2,YY,,,WSJOBS,2025-09-25 20:44:12
DK,TRJOBS,callername,F,Y,H,cont_5,13,1,1,750,P,'+,2,YN,,,WSJOBS,2025-09-25 20:44:12
DK,TRJOBS,campaign,F,Y,H,cont_9,14,1,1,2740,P,'+,2,YN,,,WSJOBS,2025-09-25 20:44:12
DK,TRJOBS,campaigndash,F,Y,H,cont_9,14,2,1,2750,O,'+,2,YN,,,WSJOBS,2025-09-25 20:44:12
DK,TRJOBS,campaignevent,F,Y,H,cont_9,14,3,1,2760,P,'+,2,YN,,,WSJOBS,2025-09-25 20:44:12
DK,TRJOBS,campaignstatusdesc,F,Y,H,cont_9,15,1,1,2770,P,'+,2,YN,,,WSJOBS,2025-09-25 20:44:12
DK,TRJOBS,casecode,F,Y,H,cont_6.85,1,1,1,1420,P,'+,2,YY,,,WSJOBS,2025-09-25 20:44:12
DK,TRJOBS,casetype,F,Y,H,cont_6.85,2,1,1,1430,P,'+,2,YY,,,WSJOBS,2025-09-25 20:44:12
DK,TRJOBS,categoryname,F,Y,P,cont_6,18,1,1,1110,P,'+,2,YY,,,WSJOBS,2025-09-25 20:44:12
DK,TRJOBS,causecode,F,Y,H,cont_5,10,1,1,720,O,'+,2,YY,,,WSJOBS,2025-09-25 20:44:12
DK,TRJOBS,causecodedesc,F,Y,H,cont_5,26,1,1,880,P,'+,2,YY,,,WSJOBS,2025-09-25 20:44:12
DK,TRJOBS,closinglatitude,F,Y,H,cont_6,23,1,1,1160,P,'+,2,YY,,,WSJOBS,2025-09-25 20:44:12
DK,TRJOBS,closinglongitude,F,Y,H,cont_6,24,1,1,1170,P,'+,2,YY,,,WSJOBS,2025-09-25 20:44:12
DK,TRJOBS,cnnumber,F,Y,H,cont_5,7,1,1,690,O,'+,2,YN,,,WSJOBS,2025-09-25 20:44:12
DK,TRJOBS,completeproductionorder,F,Y,H,cont_10.91,1,1,1,3110,O,'-,2,YY,,,WSJOBS,2025-09-25 20:44:12
DK,TRJOBS,complevel,F,Y,H,cont_8,8,1,1,1660,O,'+,2,YY,,,WSJOBS,2025-09-25 20:44:12
DK,TRJOBS,componentlocation,F,Y,H,cont_8,9,1,1,1670,O,'+,2,YY,,,WSJOBS,2025-09-25 20:44:12
DK,TRJOBS,confinedspace,F,Y,H,cont_9.1,11,1,1,2920,O,'-,2,YY,,,WSJOBS,2025-09-25 20:44:12
DK,TRJOBS,costcode,F,Y,O,cont_6,3,1,1,910,O,'+,2,YY,,,WSJOBS,2025-09-25 20:44:12
DK,TRJOBS,coveragetype,F,Y,H,cont_3,5,1,1,270,P,'+,2,YY,,,WSJOBS,2025-09-25 20:44:12
DK,TRJOBS,createcase,F,Y,H,cont_18,1,1,1,3180,O,'-,2,YY,,,WSJOBS,2025-09-25 20:44:12
DK,TRJOBS,createcustomerinvoice,F,Y,H,cont_11,1,1,1,3120,O,'-,2,YY,,,WSJOBS,2025-09-25 20:44:12
DK,TRJOBS,createdby,F,Y,P,cont_4,2,1,1,360,P,'+,2,YY,,,WSJOBS,2025-09-25 20:44:12
DK,TRJOBS,creategislinearwo,F,Y,H,cont_21,1,1,1,3600,O,'-,2,YY,,,WSJOBS,2025-09-25 20:44:12
DK,TRJOBS,createproductionorder,F,Y,H,cont_10.9,1,1,1,3100,O,'-,2,YY,,,WSJOBS,2025-09-25 20:44:12
DK,TRJOBS,createproductionrequest,F,Y,H,cont_10.8,1,1,1,3090,O,'-,2,YY,,,WSJOBS,2025-09-25 20:44:12
DK,TRJOBS,createrootcauseanalysis,F,Y,H,cont_18,4,1,1,3210,O,'-,2,YY,,,WSJOBS,2025-09-25 20:44:12
DK,TRJOBS,createstandardwo,F,Y,H,cont_10.5,1,1,1,3070,O,'-,2,YY,,,WSJOBS,2025-09-25 20:44:12
DK,TRJOBS,createwarrantyclaim,F,Y,H,cont_10.7,1,1,1,3080,O,'-,2,YY,,,WSJOBS,2025-09-25 20:44:12
DK,TRJOBS,criticality,F,Y,P,cont_5,3,1,1,630,P,'+,2,YY,,,WSJOBS,2025-09-25 20:44:12
DK,TRJOBS,customer,F,Y,H,cont_5,11,1,1,730,P,'+,2,YN,,,WSJOBS,2025-09-25 20:44:12
DK,TRJOBS,customercontract,F,Y,H,cont_5,16,1,1,780,P,'+,2,YN,,,WSJOBS,2025-09-25 20:44:12
DK,TRJOBS,datecompleted,F,Y,H,cont_9,11,1,1,2690,O,'+,2,YY,,,WSJOBS,2025-09-25 20:44:12
DK,TRJOBS,datecreated,F,Y,P,cont_4,3,1,1,370,P,'+,2,YY,,,WSJOBS,2025-09-25 20:44:12
DK,TRJOBS,datereported,F,Y,O,cont_9,2,1,1,2600,O,'+,2,YY,,,WSJOBS,2025-09-25 20:44:12
DK,TRJOBS,datetimecreated,F,Y,H,cont_4,4,1,1,380,P,'+,2,YY,,,WSJOBS,2025-09-25 20:44:12
DK,TRJOBS,department,F,Y,S,cont_2,2,1,1,110,S,'+,2,YY,,,WSJOBS,2025-09-25 20:44:12
DK,TRJOBS,dependant,F,Y,H,cont_3,8,1,1,300,O,'+,2,YY,,,WSJOBS,2025-09-25 20:44:12
DK,TRJOBS,description,F,S,S,cont_1,1,2,2,20,S,'-,2,YY,,,WSJOBS,2025-09-25 20:44:12
DK,TRJOBS,downtimecost,F,Y,H,cont_6,11,1,1,1010,O,'+,2,YY,,,WSJOBS,2025-09-25 20:44:12
DK,TRJOBS,downtimecostcurr,F,Y,H,cont_6,11,2,1,1020,P,'+,2,YY,,,WSJOBS,2025-09-25 20:44:12
DK,TRJOBS,downtimehours,F,Y,H,cont_6,12,1,1,1030,O,'+,2,YY,,,WSJOBS,2025-09-25 20:44:12
DK,TRJOBS,duedate,F,Y,P,cont_6,13,1,1,1040,P,'+,2,YY,,,WSJOBS,2025-09-25 20:44:12
DK,TRJOBS,duplicatecase,F,Y,H,cont_6.85,3,1,1,1440,O,'+,2,YY,,,WSJOBS,2025-09-25 20:44:12
DK,TRJOBS,emailaddress,F,Y,P,cont_24,1,1,1,3670,P,'-,2,YY,,,WSJOBS,2025-09-25 20:44:12
DK,TRJOBS,eqpusabilitydesc,F,Y,O,cont_6.3,1,1,1,1230,O,'+,2,YY,,,WSJOBS,2025-09-25 20:44:12
DK,TRJOBS,equipmanufacturer,F,Y,H,cont_2,8,1,1,170,P,'+,2,YY,,,WSJOBS,2025-09-25 20:44:12
DK,TRJOBS,equipment,F,S,R,cont_1,3,1,2,50,O,'-,2,YY,,,WSJOBS,2025-09-25 20:44:12
DK,TRJOBS,equipmentdesc,F,Y,P,cont_1,3,2,2,60,P,'-,2,YY,,,WSJOBS,2025-09-25 20:44:12
DK,TRJOBS,equipmentorg,F,Y,H,cont_2,4,1,1,130,P,'+,2,YY,,,WSJOBS,2025-09-25 20:44:12
DK,TRJOBS,equipmenttype_display,F,Y,H,cont_2,3,1,1,120,P,'+,2,YY,,,WSJOBS,2025-09-25 20:44:12
DK,TRJOBS,esignaturedate,F,Y,H,cont_4,6,1,1,400,P,'+,2,YY,,,WSJOBS,2025-09-25 20:44:12
DK,TRJOBS,esignaturetype,F,Y,H,cont_4,7,1,1,410,P,'+,2,YY,,,WSJOBS,2025-09-25 20:44:12
DK,TRJOBS,esigner,F,Y,H,cont_4,5,1,1,390,O,'+,2,YY,,,WSJOBS,2025-09-25 20:44:12
DK,TRJOBS,esthrs,F,Y,O,cont_8,3,1,1,1610,O,'+,2,YY,,,WSJOBS,2025-09-25 20:44:12
DK,TRJOBS,estlaborcostcurrency,F,Y,H,cont_6.8,1,2,1,1350,P,'+,2,YY,,,WSJOBS,2025-09-25 20:44:12
DK,TRJOBS,estmatlcostcurrency,F,Y,H,cont_6.8,2,2,1,1370,P,'+,2,YY,,,WSJOBS,2025-09-25 20:44:12
DK,TRJOBS,estmisccostcurrency,F,Y,H,cont_6.8,3,2,1,1390,P,'+,2,YY,,,WSJOBS,2025-09-25 20:44:12
DK,TRJOBS,eventlog,F,Y,H,cont_10,1,1,1,3050,O,'-,2,YY,,,WSJOBS,2025-09-25 20:44:12
DK,TRJOBS,failurecode,F,Y,H,cont_6,7,1,1,970,O,'+,2,YY,,,WSJOBS,2025-09-25 20:44:12
DK,TRJOBS,failurecodedesc,F,Y,H,cont_6,28,1,1,1210,P,'+,2,YY,,,WSJOBS,2025-09-25 20:44:12
DK,TRJOBS,failuremodedesc,F,Y,H,cont_5,21,1,1,830,O,'+,2,YY,,,WSJOBS,2025-09-25 20:44:12
DK,TRJOBS,firesafetyincident,F,Y,H,cont_9.2,6,1,1,3020,O,'-,2,YY,,,WSJOBS,2025-09-25 20:44:12
DK,TRJOBS,firstname,F,Y,P,cont_22,1,2,1,3620,P,'-,2,YY,,,WSJOBS,2025-09-25 20:44:12
DK,TRJOBS,flow,F,Y,H,cont_4.1,8,1,1,510,O,'+,2,YY,,,WSJOBS,2025-09-25 20:44:12
DK,TRJOBS,followupgroup_display,F,Y,H,cont_6,16,1,1,1090,P,'+,2,YY,,,WSJOBS,2025-09-25 20:44:12
DK,TRJOBS,forprint,F,Y,H,cont_2,10,1,1,190,O,'+,2,YY,,,WSJOBS,2025-09-25 20:44:12
DK,TRJOBS,fromgeoref,F,Y,O,cont_4.1,3,1,2,450,O,'+,2,YY,,,WSJOBS,2025-09-25 20:44:12
DK,TRJOBS,fromhorizontaloffset,F,Y,H,cont_19,13,1,1,3360,O,'-,2,YY,,,WSJOBS,2025-09-25 20:44:12
DK,TRJOBS,fromhoroffsettype,F,Y,H,cont_19,14,1,1,3380,O,'-,2,YY,,,WSJOBS,2025-09-25 20:44:12
DK,TRJOBS,fromhoroffsetuom,F,Y,H,cont_19,13,2,1,3370,O,'-,2,YY,,,WSJOBS,2025-09-25 20:44:12
DK,TRJOBS,fromlatitude,F,Y,H,cont_19,10,1,1,3330,O,'-,2,YY,,,WSJOBS,2025-09-25 20:44:12
DK,TRJOBS,fromlongitude,F,Y,H,cont_19,11,1,1,3340,O,'-,2,YY,,,WSJOBS,2025-09-25 20:44:12
DK,TRJOBS,fromoffset,F,Y,H,cont_19,2,1,1,3250,O,'-,2,YY,,,WSJOBS,2025-09-25 20:44:12
DK,TRJOBS,fromoffsetdirection,F,Y,H,cont_19,4,1,1,3270,O,'-,2,YY,,,WSJOBS,2025-09-25 20:44:12
DK,TRJOBS,fromoffsetpercent,F,Y,H,cont_19,3,1,1,3260,O,'-,2,YY,,,WSJOBS,2025-09-25 20:44:12
DK,TRJOBS,frompoint,F,Y,O,cont_4.1,1,1,1,420,O,'+,2,YY,,,WSJOBS,2025-09-25 20:44:12
DK,TRJOBS,frompointuom_display,F,Y,P,cont_4.1,1,2,1,430,P,'+,2,YY,,,WSJOBS,2025-09-25 20:44:12
DK,TRJOBS,fromrefdesc,F,Y,O,cont_4.1,2,1,2,440,O,'+,2,YY,,,WSJOBS,2025-09-25 20:44:12
DK,TRJOBS,fromreferencepoint,F,Y,H,cont_19,1,1,1,3240,O,'-,2,YY,,,WSJOBS,2025-09-25 20:44:12
DK,TRJOBS,fromrelationshiptype,F,Y,H,cont_19,12,1,1,3350,O,'-,2,YY,,,WSJOBS,2025-09-25 20:44:12
DK,TRJOBS,fromverticaloffset,F,Y,H,cont_19,15,1,1,3390,O,'-,2,YY,,,WSJOBS,2025-09-25 20:44:12
DK,TRJOBS,fromverticaloffsettype,F,Y,H,cont_19,16,1,1,3410,O,'-,2,YY,,,WSJOBS,2025-09-25 20:44:12
DK,TRJOBS,fromverticaloffsetuom,F,Y,H,cont_19,15,2,1,3400,O,'-,2,YY,,,WSJOBS,2025-09-25 20:44:12
DK,TRJOBS,fromxcoordinate,F,Y,H,cont_19,8,1,1,3310,O,'-,2,YY,,,WSJOBS,2025-09-25 20:44:12
DK,TRJOBS,fromycoordinate,F,Y,H,cont_19,9,1,1,3320,O,'-,2,YY,,,WSJOBS,2025-09-25 20:44:12
DK,TRJOBS,geocodeaddress,F,Y,H,cont_18,6,1,1,3230,O,'-,0,YY,,,WSJOBS,2025-10-01 23:36:50
DK,TRJOBS,guestprofileid,F,Y,P,cont_24,2,1,1,3680,P,'-,2,YY,,,WSJOBS,2025-09-25 20:44:12
DK,TRJOBS,hazardousmaterialsincident,F,Y,H,cont_9.2,5,1,1,3010,O,'-,2,YY,,,WSJOBS,2025-09-25 20:44:12
DK,TRJOBS,hipaaconfidentiality,F,Y,H,cont_9.1,15,1,1,2960,O,'-,2,YY,,,WSJOBS,2025-09-25 20:44:12
DK,TRJOBS,hotworkburnpermit,F,Y,H,cont_9.1,10,1,1,2910,O,'-,2,YY,,,WSJOBS,2025-09-25 20:44:12
DK,TRJOBS,humanfactor,F,Y,H,cont_5,24,1,1,860,O,'+,2,YY,,,WSJOBS,2025-09-25 20:44:12
DK,TRJOBS,humanoversight,F,Y,H,cont_6,26,1,1,1190,O,'+,2,YY,,,WSJOBS,2025-09-25 20:44:12
DK,TRJOBS,inspectiondirection,F,Y,H,cont_4.1,7,1,1,500,O,'+,2,YY,,,WSJOBS,2025-09-25 20:44:12
DK,TRJOBS,interiminfectioncontrol,F,Y,H,cont_9.1,3,1,1,2840,O,'-,2,YY,,,WSJOBS,2025-09-25 20:44:12
DK,TRJOBS,interimlifesafety,F,Y,H,cont_9.1,2,1,1,2830,O,'-,2,YY,,,WSJOBS,2025-09-25 20:44:12
DK,TRJOBS,lastmeterread,F,Y,H,cont_6,5,1,1,940,P,'+,2,YY,,,WSJOBS,2025-09-25 20:44:12
DK,TRJOBS,lastname,F,Y,P,cont_22,1,4,1,3640,P,'-,2,YY,,,WSJOBS,2025-09-25 20:44:12
DK,TRJOBS,latitude,F,Y,H,cont_6,21,1,1,1140,O,'+,2,YY,,,WSJOBS,2025-09-25 20:44:12
DK,TRJOBS,location,F,Y,O,cont_1,4,1,2,70,O,'-,2,YY,,,WSJOBS,2025-09-25 20:44:12
DK,TRJOBS,locationdesc,F,Y,P,cont_1,4,2,2,80,P,'-,2,YY,,,WSJOBS,2025-09-25 20:44:12
DK,TRJOBS,lockouttagout,F,Y,H,cont_9.1,9,1,1,2900,O,'-,2,YY,,,WSJOBS,2025-09-25 20:44:12
DK,TRJOBS,longitude,F,Y,H,cont_6,22,1,1,1150,O,'+,2,YY,,,WSJOBS,2025-09-25 20:44:12
DK,TRJOBS,maintenancepattern,F,Y,H,cont_5,5,1,1,650,P,'+,2,YN,,,WSJOBS,2025-09-25 20:44:12
DK,TRJOBS,maintenancepatterndash,F,Y,H,cont_5,5,2,1,660,O,'+,2,YN,,,WSJOBS,2025-09-25 20:44:12
DK,TRJOBS,managerprofileid,F,Y,P,cont_24,3,1,1,3690,P,'-,2,YY,,,WSJOBS,2025-09-25 20:44:12
DK,TRJOBS,manufacturer,F,Y,H,cont_7,9,1,1,1580,O,'+,2,YY,,,WSJOBS,2025-09-25 20:44:12
DK,TRJOBS,matlcode,F,Y,O,cont_7,5,1,1,1540,O,'+,2,YY,,,WSJOBS,2025-09-25 20:44:12
DK,TRJOBS,medicalequipmentincident,F,Y,H,cont_9.2,7,1,1,3030,O,'-,2,YY,,,WSJOBS,2025-09-25 20:44:12
DK,TRJOBS,meteruom,F,Y,H,cont_6,5,2,1,950,P,'+,2,YY,,,WSJOBS,2025-09-25 20:44:12
DK,TRJOBS,methodofdetection,F,Y,H,cont_6,27,1,1,1200,O,'+,2,YY,,,WSJOBS,2025-09-25 20:44:12
DK,TRJOBS,middlename,F,Y,P,cont_22,1,3,1,3630,P,'-,2,YY,,,WSJOBS,2025-09-25 20:44:12
DK,TRJOBS,minor,F,Y,H,cont_6,19,1,1,1120,O,'+,2,YY,,,WSJOBS,2025-09-25 20:44:12
DK,TRJOBS,model,F,Y,H,cont_2,9,1,1,180,P,'+,2,YY,,,WSJOBS,2025-09-25 20:44:12
DK,TRJOBS,mpsequence,F,Y,H,cont_5,5,3,1,670,P,'+,2,YN,,,WSJOBS,2025-09-25 20:44:12
DK,TRJOBS,msproject,F,Y,H,cont_5,8,1,1,700,P,'+,2,YY,,,WSJOBS,2025-09-25 20:44:12
DK,TRJOBS,multiequip,F,Y,P,cont_2,5,1,1,140,P,'+,3,YY,,,WSJOBS,2025-09-25 20:44:12
DK,TRJOBS,multipletrades,F,Y,H,cont_7,3,1,1,1520,P,'+,2,YY,,,WSJOBS,2025-09-25 20:44:12
DK,TRJOBS,oemsitesystemid,F,Y,H,cont_3,3,1,1,250,P,'+,2,YY,,,WSJOBS,2025-09-25 20:44:12
DK,TRJOBS,organization,F,S,S,cont_4,1,1,1,350,S,'+,2,YY,,,WSJOBS,2025-09-25 20:44:12
DK,TRJOBS,origcasemanagementtask,F,Y,H,cont_6.85,8,1,1,1490,P,'+,2,YY,,,WSJOBS,2025-09-25 20:44:12
DK,TRJOBS,originatingcase,F,Y,H,cont_6.85,7,1,1,1480,P,'+,2,YY,,,WSJOBS,2025-09-25 20:44:12
DK,TRJOBS,originatingjob,F,Y,H,cont_6,15,1,1,1080,P,'+,2,YY,,,WSJOBS,2025-09-25 20:44:12
DK,TRJOBS,originatingwo,F,Y,H,cont_6,14,1,1,1050,P,'+,2,YY,,,WSJOBS,2025-09-25 20:44:12
DK,TRJOBS,originatingwoactivity,F,Y,H,cont_6,14,3,1,1070,P,'+,2,YY,,,WSJOBS,2025-09-25 20:44:12
DK,TRJOBS,originatingwodash,F,Y,H,cont_6,14,2,1,1060,P,'+,2,YY,,,WSJOBS,2025-09-25 20:44:12
DK,TRJOBS,package,F,Y,P,cont_5,17,1,1,790,P,'+,2,YN,,,WSJOBS,2025-09-25 20:44:12
DK,TRJOBS,parentproperty,F,Y,H,cont_1,2,1,2,30,P,'-,2,YY,,,WSJOBS,2025-09-25 20:44:12
DK,TRJOBS,parentpropertydesc,F,Y,H,cont_1,2,2,2,40,P,'-,2,YY,,,WSJOBS,2025-09-25 20:44:12
DK,TRJOBS,parentwo,F,Y,H,cont_5,6,1,1,680,O,'+,2,YY,,,WSJOBS,2025-09-25 20:44:12
DK,TRJOBS,patientsafety,F,Y,H,cont_9.1,12,1,1,2930,O,'-,2,YY,,,WSJOBS,2025-09-25 20:44:12
DK,TRJOBS,patientvisitorinjury,F,Y,H,cont_9.2,1,1,1,2970,O,'-,2,YY,,,WSJOBS,2025-09-25 20:44:12
DK,TRJOBS,performlinearsearch,F,Y,H,cont_18,3,1,1,3200,O,'-,2,YY,,,WSJOBS,2025-09-25 20:44:12
DK,TRJOBS,permfixpromisedate,F,Y,O,cont_6.5,1,1,1,1280,O,'+,2,YY,,,WSJOBS,2025-09-25 20:44:12
DK,TRJOBS,permitreviewedby,F,Y,H,cont_5,20,1,1,820,P,'+,2,YY,,,WSJOBS,2025-09-25 20:44:12
DK,TRJOBS,personalprotectiveequipment,F,Y,H,cont_9.1,8,1,1,2890,O,'-,2,YY,,,WSJOBS,2025-09-25 20:44:12
DK,TRJOBS,phonenumber,F,Y,P,cont_23,2,1,1,3660,P,'-,2,YY,,,WSJOBS,2025-09-25 20:44:12
DK,TRJOBS,piddrawing,F,Y,H,cont_3,12,1,1,340,P,'+,2,YY,,,WSJOBS,2025-09-25 20:44:12
DK,TRJOBS,pidno,F,Y,H,cont_3,11,1,1,330,P,'+,2,YY,,,WSJOBS,2025-09-25 20:44:12
DK,TRJOBS,planforimprovement,F,Y,H,cont_9.1,5,1,1,2860,O,'-,2,YY,,,WSJOBS,2025-09-25 20:44:12
DK,TRJOBS,pmcode,F,Y,P,cont_5,4,1,1,640,P,'+,2,YY,,,WSJOBS,2025-09-25 20:44:12
DK,TRJOBS,pplreq,F,Y,O,cont_8,5,1,1,1630,O,'+,2,YY,,,WSJOBS,2025-09-25 20:44:12
DK,TRJOBS,preconstructionriskassessment,F,Y,H,cont_9.1,4,1,1,2850,O,'-,2,YY,,,WSJOBS,2025-09-25 20:44:12
DK,TRJOBS,preservecalcpriority,F,Y,H,cont_6,20,1,1,1130,O,'+,2,YY,,,WSJOBS,2025-09-25 20:44:12
DK,TRJOBS,printed,F,Y,H,cont_3,9,1,1,310,P,'+,2,YY,,,WSJOBS,2025-09-25 20:44:12
DK,TRJOBS,priority,F,Y,O,cont_6,2,1,1,900,O,'+,2,YY,,,WSJOBS,2025-09-25 20:44:12
DK,TRJOBS,problemcode,F,Y,O,cont_5,2,1,1,620,O,'+,2,YY,,,WSJOBS,2025-09-25 20:44:12
DK,TRJOBS,problemcodedesc,F,Y,H,cont_5,25,1,1,870,P,'+,2,YY,,,WSJOBS,2025-09-25 20:44:12
DK,TRJOBS,productionenddate,F,Y,P,cont_4.5,2,1,1,570,P,'+,2,YY,,,WSJOBS,2025-09-25 20:44:12
DK,TRJOBS,productionorder,F,Y,P,cont_4.3,3,1,1,550,P,'+,2,YY,,,WSJOBS,2025-09-25 20:44:12
DK,TRJOBS,productionpriority,F,Y,O,cont_4.6,1,1,2,590,O,'+,2,YY,,,WSJOBS,2025-09-25 20:44:12
DK,TRJOBS,productionprioritydescription,F,Y,H,cont_4.6,2,1,2,600,P,'+,2,YY,,,WSJOBS,2025-09-25 20:44:12
DK,TRJOBS,productionrequest,F,Y,P,cont_4.3,1,1,1,530,P,'+,2,YY,,,WSJOBS,2025-09-25 20:44:12
DK,TRJOBS,productionrequestrevision,F,Y,P,cont_4.3,2,1,1,540,P,'+,2,YY,,,WSJOBS,2025-09-25 20:44:12
DK,TRJOBS,productionstartdate,F,Y,P,cont_4.5,1,1,1,560,P,'+,2,YY,,,WSJOBS,2025-09-25 20:44:12
DK,TRJOBS,projbud,F,Y,H,cont_9,13,3,1,2730,O,'+,2,YN,,,WSJOBS,2025-09-25 20:44:12
DK,TRJOBS,project,F,Y,H,cont_9,13,1,1,2710,O,'+,2,YN,,,WSJOBS,2025-09-25 20:44:12
DK,TRJOBS,projectdash,F,Y,H,cont_9,13,2,1,2720,O,'+,2,YN,,,WSJOBS,2025-09-25 20:44:12
DK,TRJOBS,projectdesc,F,Y,H,cont_9,19,1,1,2810,P,'+,2,YY,,,WSJOBS,2025-09-25 20:44:12
DK,TRJOBS,property,F,Y,H,cont_5,12,1,1,740,P,'+,2,YN,,,WSJOBS,2025-09-25 20:44:12
DK,TRJOBS,propertydamage,F,Y,H,cont_9.2,4,1,1,3000,O,'-,2,YY,,,WSJOBS,2025-09-25 20:44:12
DK,TRJOBS,reasonforrepair,F,Y,H,cont_7,6,1,1,1550,O,'+,2,YY,,,WSJOBS,2025-09-25 20:44:12
DK,TRJOBS,recallnotice,F,Y,H,cont_9.1,13,1,1,2940,O,'-,2,YY,,,WSJOBS,2025-09-25 20:44:12
DK,TRJOBS,rejectreason,F,Y,H,cont_5,14,1,1,760,P,'+,2,YY,,,WSJOBS,2025-09-25 20:44:12
DK,TRJOBS,relatedfromoffset,F,Y,H,cont_19,6,1,1,3290,P,'-,2,YY,,,WSJOBS,2025-09-25 20:44:12
DK,TRJOBS,relatedfromoffsetdir,F,Y,H,cont_19,7,1,1,3300,P,'-,2,YY,,,WSJOBS,2025-09-25 20:44:12
DK,TRJOBS,relatedfromreferencedesc,F,Y,H,cont_19,5,1,1,3280,P,'-,2,YY,,,WSJOBS,2025-09-25 20:44:12
DK,TRJOBS,relatedtooffset,F,Y,H,cont_20,6,1,1,3470,P,'-,2,YY,,,WSJOBS,2025-09-25 20:44:12
DK,TRJOBS,relatedtooffsetdir,F,Y,H,cont_20,7,1,1,3480,P,'-,2,YY,,,WSJOBS,2025-09-25 20:44:12
DK,TRJOBS,relatedtoreferencedesc,F,Y,H,cont_20,5,1,1,3460,P,'-,2,YY,,,WSJOBS,2025-09-25 20:44:12
DK,TRJOBS,relationshiptype,F,Y,H,cont_4.1,9,1,1,520,O,'+,2,YY,,,WSJOBS,2025-09-25 20:44:12
DK,TRJOBS,reliabilityranking,F,Y,H,cont_2,11,1,1,200,P,'+,2,YY,,,WSJOBS,2025-09-25 20:44:12
DK,TRJOBS,reliabilityrankingindex,F,Y,H,cont_2,12,1,1,210,P,'+,2,YY,,,WSJOBS,2025-09-25 20:44:12
DK,TRJOBS,reliabilityrankingscore,F,Y,H,cont_2,13,1,1,220,P,'+,2,YY,,,WSJOBS,2025-09-25 20:44:12
DK,TRJOBS,remhrs,F,Y,O,cont_8,4,1,1,1620,O,'+,2,YY,,,WSJOBS,2025-09-25 20:44:12
DK,TRJOBS,reopened,F,Y,H,cont_5,15,1,1,770,P,'+,2,YY,,,WSJOBS,2025-09-25 20:44:12
DK,TRJOBS,reportedby,F,Y,O,cont_9,1,1,1,2590,O,'-,2,YY,,,WSJOBS,2025-09-25 20:44:12
DK,TRJOBS,reqenddate,F,Y,H,cont_9,9,1,1,2670,O,'+,2,YY,,,WSJOBS,2025-09-25 20:44:12
DK,TRJOBS,reqstartdate,F,Y,H,cont_9,8,1,1,2660,O,'+,2,YY,,,WSJOBS,2025-09-25 20:44:12
DK,TRJOBS,requestedbyname,F,Y,H,cont_9,17,1,1,2790,P,'+,2,YY,,,WSJOBS,2025-09-25 20:44:12
DK,TRJOBS,routecode,F,Y,H,cont_6,9,1,1,990,O,'+,2,YY,,,WSJOBS,2025-09-25 20:44:12
DK,TRJOBS,routestatusdesc,F,Y,H,cont_6,10,1,1,1000,P,'+,2,YN,,,WSJOBS,2025-09-25 20:44:12
DK,TRJOBS,safety,F,Y,H,cont_3,6,1,1,280,O,'+,3,YY,,,WSJOBS,2025-09-25 20:44:12
DK,TRJOBS,safetyreviewedby,F,Y,H,cont_5,19,1,1,810,P,'+,2,YY,,,WSJOBS,2025-09-25 20:44:12
DK,TRJOBS,salutation_display,F,Y,P,cont_22,1,1,1,3610,P,'-,2,YY,,,WSJOBS,2025-09-25 20:44:12
DK,TRJOBS,schedenddate,F,Y,O,cont_9,7,1,1,2650,O,'+,2,YY,,,WSJOBS,2025-09-25 20:44:12
DK,TRJOBS,schedgroup,F,Y,O,cont_9,3,1,1,2610,O,'+,2,YY,,,WSJOBS,2025-09-25 20:44:12
DK,TRJOBS,schedsessiontypedesc,F,Y,H,cont_5,9,1,1,710,P,'+,2,YY,,,WSJOBS,2025-09-25 20:44:12
DK,TRJOBS,schedstartdate,F,Y,O,cont_9,6,1,1,2640,O,'+,2,YY,,,WSJOBS,2025-09-25 20:44:12
DK,TRJOBS,securityincident,F,Y,H,cont_9.2,3,1,1,2990,O,'-,2,YY,,,WSJOBS,2025-09-25 20:44:12
DK,TRJOBS,serialnumber,F,Y,H,cont_2,7,1,1,160,P,'+,2,YY,,,WSJOBS,2025-09-25 20:44:12
DK,TRJOBS,servicecategory,F,Y,O,cont_6.3,5,1,1,1270,O,'+,2,YY,,,WSJOBS,2025-09-25 20:44:12
DK,TRJOBS,servicecategoryorg,F,Y,H,cont_6.5,5,1,1,1320,P,'+,2,YY,,,WSJOBS,2025-09-25 20:44:12
DK,TRJOBS,servicecustomerrequest,F,Y,H,cont_6.85,4,1,1,1450,P,'+,2,YY,,,WSJOBS,2025-09-25 20:44:12
DK,TRJOBS,servicecustomerrequestorg,F,Y,H,cont_6.85,5,1,1,1460,P,'+,2,YY,,,WSJOBS,2025-09-25 20:44:12
DK,TRJOBS,serviceproblemcode,F,Y,O,cont_6.5,3,1,1,1300,O,'+,2,YY,,,WSJOBS,2025-09-25 20:44:12
DK,TRJOBS,serviceproblemcodeorg,F,Y,H,cont_6.5,4,1,1,1310,P,'+,2,YY,,,WSJOBS,2025-09-25 20:44:12
DK,TRJOBS,servicerequestid,F,Y,H,cont_9,16,1,1,2780,O,'+,2,YN,,,WSJOBS,2025-09-25 20:44:12
DK,TRJOBS,servicerequeststatus,F,Y,H,cont_6.85,6,1,1,1470,P,'+,2,YY,,,WSJOBS,2025-09-25 20:44:12
DK,TRJOBS,shift,F,Y,H,cont_9,12,1,1,2700,O,'+,2,YY,,,WSJOBS,2025-09-25 20:44:12
DK,TRJOBS,smda,F,Y,H,cont_9.1,14,1,1,2950,O,'-,2,YY,,,WSJOBS,2025-09-25 20:44:12
DK,TRJOBS,staffinjuryillness,F,Y,H,cont_9.2,2,1,1,2980,O,'-,2,YY,,,WSJOBS,2025-09-25 20:44:12
DK,TRJOBS,standardwo,F,Y,O,cont_6,1,1,1,890,O,'+,2,YY,,,WSJOBS,2025-09-25 20:44:12
DK,TRJOBS,startdate,F,Y,H,cont_9,10,1,1,2680,O,'+,2,YY,,,WSJOBS,2025-09-25 20:44:12
DK,TRJOBS,statementofconditions,F,Y,H,cont_9.1,6,1,1,2870,O,'-,2,YY,,,WSJOBS,2025-09-25 20:44:12
DK,TRJOBS,supplier,F,Y,O,cont_6.3,3,1,1,1250,O,'+,2,YY,,,WSJOBS,2025-09-25 20:44:12
DK,TRJOBS,supplierorg,F,Y,H,cont_6.3,4,1,1,1260,P,'+,2,YY,,,WSJOBS,2025-09-25 20:44:12
DK,TRJOBS,survey,F,Y,H,cont_3,10,1,1,320,P,'+,2,YY,,,WSJOBS,2025-09-25 20:44:12
DK,TRJOBS,symptom,F,Y,H,cont_5,22,1,1,840,O,'+,2,YY,,,WSJOBS,2025-09-25 20:44:12
DK,TRJOBS,syslevel,F,Y,H,cont_8,6,1,1,1640,O,'+,2,YY,,,WSJOBS,2025-09-25 20:44:12
DK,TRJOBS,tacticalcause,F,Y,H,cont_5,23,1,1,850,O,'+,2,YY,,,WSJOBS,2025-09-25 20:44:12
DK,TRJOBS,taginfomap,F,Y,H,cont_18,5,1,1,3220,O,'-,2,YY,,,WSJOBS,2025-09-25 20:44:12
DK,TRJOBS,targetvalcurrency,F,Y,P,cont_6,4,2,1,930,P,'+,2,YY,,,WSJOBS,2025-09-25 20:44:12
DK,TRJOBS,targetvalue,F,Y,O,cont_6,4,1,1,920,O,'+,2,YY,,,WSJOBS,2025-09-25 20:44:12
DK,TRJOBS,task,F,Y,O,cont_7,4,1,1,1530,O,'+,2,YY,,,WSJOBS,2025-09-25 20:44:12
DK,TRJOBS,techpartfailure,F,Y,H,cont_7,8,1,1,1570,O,'+,2,YY,,,WSJOBS,2025-09-25 20:44:12
DK,TRJOBS,tempfixdatecompleted,F,Y,O,cont_6.5,2,1,1,1290,O,'+,2,YY,,,WSJOBS,2025-09-25 20:44:12
DK,TRJOBS,tempfixpromisedate,F,Y,O,cont_6.3,2,1,1,1240,O,'+,2,YY,,,WSJOBS,2025-09-25 20:44:12
DK,TRJOBS,togeoref,F,Y,O,cont_4.1,6,1,2,490,O,'+,2,YY,,,WSJOBS,2025-09-25 20:44:12
DK,TRJOBS,tohorizontaloffset,F,Y,H,cont_20,13,1,1,3540,O,'-,2,YY,,,WSJOBS,2025-09-25 20:44:12
DK,TRJOBS,tohorizontaloffsettype,F,Y,H,cont_20,14,1,1,3560,O,'-,2,YY,,,WSJOBS,2025-09-25 20:44:12
DK,TRJOBS,tohorizontaloffsetuom,F,Y,H,cont_20,13,2,1,3550,O,'-,2,YY,,,WSJOBS,2025-09-25 20:44:12
DK,TRJOBS,tolatitude,F,Y,H,cont_20,10,1,1,3510,O,'-,2,YY,,,WSJOBS,2025-09-25 20:44:12
DK,TRJOBS,tolongitude,F,Y,H,cont_20,11,1,1,3520,O,'-,2,YY,,,WSJOBS,2025-09-25 20:44:12
DK,TRJOBS,tooffset,F,Y,H,cont_20,2,1,1,3430,O,'-,2,YY,,,WSJOBS,2025-09-25 20:44:12
DK,TRJOBS,tooffsetdirection,F,Y,H,cont_20,4,1,1,3450,O,'-,2,YY,,,WSJOBS,2025-09-25 20:44:12
DK,TRJOBS,tooffsetpercent,F,Y,H,cont_20,3,1,1,3440,O,'-,2,YY,,,WSJOBS,2025-09-25 20:44:12
DK,TRJOBS,topoint,F,Y,O,cont_4.1,4,1,1,460,O,'+,2,YY,,,WSJOBS,2025-09-25 20:44:12
DK,TRJOBS,topointuom_display,F,Y,P,cont_4.1,4,2,1,470,P,'+,2,YY,,,WSJOBS,2025-09-25 20:44:12
DK,TRJOBS,torefdesc,F,Y,O,cont_4.1,5,1,2,480,O,'+,2,YY,,,WSJOBS,2025-09-25 20:44:12
DK,TRJOBS,toreferencepoint,F,Y,H,cont_20,1,1,1,3420,O,'-,2,YY,,,WSJOBS,2025-09-25 20:44:12
DK,TRJOBS,torelationshiptype,F,Y,H,cont_20,12,1,1,3530,O,'-,2,YY,,,WSJOBS,2025-09-25 20:44:12
DK,TRJOBS,totalestcostcurrency,F,Y,H,cont_6.8,4,2,1,1410,P,'+,2,YY,,,WSJOBS,2025-09-25 20:44:12
DK,TRJOBS,totalestimatedcost,F,Y,H,cont_6.8,4,1,1,1400,P,'+,2,YY,,,WSJOBS,2025-09-25 20:44:12
DK,TRJOBS,totalestlaborcost,F,Y,H,cont_6.8,1,1,1,1340,P,'+,2,YY,,,WSJOBS,2025-09-25 20:44:12
DK,TRJOBS,totalestmatlcost,F,Y,H,cont_6.8,2,1,1,1360,P,'+,2,YY,,,WSJOBS,2025-09-25 20:44:12
DK,TRJOBS,totalestmisccost,F,Y,H,cont_6.8,3,1,1,1380,P,'+,2,YY,,,WSJOBS,2025-09-25 20:44:12
DK,TRJOBS,toverticaloffset,F,Y,H,cont_20,15,1,1,3570,O,'-,2,YY,,,WSJOBS,2025-09-25 20:44:12
DK,TRJOBS,toverticaloffsettype,F,Y,H,cont_20,16,1,1,3590,O,'-,2,YY,,,WSJOBS,2025-09-25 20:44:12
DK,TRJOBS,toverticaloffsetuom,F,Y,H,cont_20,15,2,1,3580,O,'-,2,YY,,,WSJOBS,2025-09-25 20:44:12
DK,TRJOBS,toxcoordinate,F,Y,H,cont_20,8,1,1,3490,O,'-,2,YY,,,WSJOBS,2025-09-25 20:44:12
DK,TRJOBS,toycoordinate,F,Y,H,cont_20,9,1,1,3500,O,'-,2,YY,,,WSJOBS,2025-09-25 20:44:12
DK,TRJOBS,traceroute,F,Y,H,cont_18,2,1,1,3190,O,'-,2,YY,,,WSJOBS,2025-09-25 20:44:12
DK,TRJOBS,trade,F,Y,O,cont_7,2,1,1,1510,O,'+,2,YY,,,WSJOBS,2025-09-25 20:44:12
DK,TRJOBS,triggerevent,F,Y,H,cont_6,6,1,1,960,P,'+,2,YY,,,WSJOBS,2025-09-25 20:44:12
DK,TRJOBS,udfbutton01,F,N,H,cont_8.5,42,1,1,2520,O,'+,3,YY,,,WSJOBS,2025-09-25 20:44:12
DK,TRJOBS,udfbutton02,F,N,H,cont_8.5,43,1,1,2530,O,'+,3,YY,,,WSJOBS,2025-09-25 20:44:12
DK,TRJOBS,udfbutton03,F,N,H,cont_8.5,44,1,1,2540,O,'+,3,YY,,,WSJOBS,2025-09-25 20:44:12
DK,TRJOBS,udfbutton04,F,N,H,cont_8.5,45,1,1,2550,O,'+,3,YY,,,WSJOBS,2025-09-25 20:44:12
DK,TRJOBS,udfbutton05,F,N,H,cont_8.5,46,1,1,2560,O,'+,3,YY,,,WSJOBS,2025-09-25 20:44:12
DK,TRJOBS,udfchar01,F,Y,O,cont_8.4,1,1,1,1680,O,'+,2,YY,,,WSJOBS,2025-09-25 20:44:12
DK,TRJOBS,udfchar02,F,Y,O,cont_8.5,1,1,1,2110,O,'+,2,YY,,,WSJOBS,2025-09-25 20:44:12
DK,TRJOBS,udfchar03,F,Y,O,cont_8.4,2,1,1,1690,O,'+,2,YY,,,WSJOBS,2025-09-25 20:44:12
DK,TRJOBS,udfchar04,F,Y,O,cont_8.5,2,1,1,2120,O,'+,2,YY,,,WSJOBS,2025-09-25 20:44:12
DK,TRJOBS,udfchar05,F,Y,O,cont_8.4,3,1,1,1700,O,'+,2,YY,,,WSJOBS,2025-09-25 20:44:12
DK,TRJOBS,udfchar06,F,N,H,cont_8.5,3,1,1,2130,O,'+,2,YY,,,WSJOBS,2025-09-25 20:44:12
DK,TRJOBS,udfchar07,F,N,H,cont_8.4,4,1,1,1710,O,'+,2,YY,,,WSJOBS,2025-09-25 20:44:12
DK,TRJOBS,udfchar08,F,N,H,cont_8.5,4,1,1,2140,O,'+,2,YY,,,WSJOBS,2025-09-25 20:44:12
DK,TRJOBS,udfchar09,F,N,H,cont_8.4,5,1,1,1720,O,'+,2,YY,,,WSJOBS,2025-09-25 20:44:12
DK,TRJOBS,udfchar10,F,Y,P,cont_1,5,1,1,90,O,'+,4,YY,,,WSJOBS,2025-09-25 20:44:12
DK,TRJOBS,udfchar11,F,N,H,cont_8.4,6,1,1,1730,O,'+,2,YY,,,WSJOBS,2025-09-25 20:44:12
DK,TRJOBS,udfchar12,F,N,H,cont_8.5,5,1,1,2150,O,'+,3,YY,,,WSJOBS,2025-09-25 20:44:12
DK,TRJOBS,udfchar13,F,N,H,cont_8.4,7,1,1,1740,O,'+,2,YY,,,WSJOBS,2025-09-25 20:44:12
DK,TRJOBS,udfchar14,F,N,H,cont_8.5,6,1,1,2160,O,'+,3,YY,,,WSJOBS,2025-09-25 20:44:12
DK,TRJOBS,udfchar15,F,N,H,cont_8.4,8,1,1,1750,O,'+,2,YY,,,WSJOBS,2025-09-25 20:44:12
DK,TRJOBS,udfchar16,F,N,H,cont_8.5,7,1,1,2170,O,'+,3,YY,,,WSJOBS,2025-09-25 20:44:12
DK,TRJOBS,udfchar17,F,N,H,cont_8.4,9,1,1,1760,O,'+,2,YY,,,WSJOBS,2025-09-25 20:44:12
DK,TRJOBS,udfchar18,F,N,H,cont_8.5,8,1,1,2180,O,'+,3,YY,,,WSJOBS,2025-09-25 20:44:12
DK,TRJOBS,udfchar19,F,N,H,cont_8.4,10,1,1,1770,O,'+,2,YY,,,WSJOBS,2025-09-25 20:44:12
DK,TRJOBS,udfchar20,F,N,H,cont_8.5,9,1,1,2190,O,'+,3,YY,,,WSJOBS,2025-09-25 20:44:12
DK,TRJOBS,udfchar21,F,N,H,cont_8.4,11,1,1,1780,O,'+,2,YY,,,WSJOBS,2025-09-25 20:44:12
DK,TRJOBS,udfchar22,F,N,H,cont_8.5,10,1,1,2200,O,'+,3,YY,,,WSJOBS,2025-09-25 20:44:12
DK,TRJOBS,udfchar23,F,N,H,cont_8.4,12,1,1,1790,O,'+,2,YY,,,WSJOBS,2025-09-25 20:44:12
DK,TRJOBS,udfchar24,F,N,H,cont_8.5,11,1,1,2210,O,'+,3,YY,,,WSJOBS,2025-09-25 20:44:12
DK,TRJOBS,udfchar25,F,N,H,cont_8.4,13,1,1,1800,O,'+,2,YY,,,WSJOBS,2025-09-25 20:44:12
DK,TRJOBS,udfchar26,F,N,H,cont_8.5,12,1,1,2220,O,'+,3,YY,,,WSJOBS,2025-09-25 20:44:12
DK,TRJOBS,udfchar27,F,N,H,cont_8.4,14,1,1,1810,O,'+,2,YY,,,WSJOBS,2025-09-25 20:44:12
DK,TRJOBS,udfchar28,F,N,H,cont_8.5,13,1,1,2230,O,'+,3,YY,,,WSJOBS,2025-09-25 20:44:12
DK,TRJOBS,udfchar29,F,N,H,cont_8.4,15,1,1,1820,O,'+,2,YY,,,WSJOBS,2025-09-25 20:44:12
DK,TRJOBS,udfchar30,F,N,H,cont_8.5,14,1,1,2240,O,'+,3,YY,,,WSJOBS,2025-09-25 20:44:12
DK,TRJOBS,udfchar31,F,N,H,cont_8.4,16,1,1,1830,O,'+,2,YY,,,WSJOBS,2025-09-25 20:44:12
DK,TRJOBS,udfchar32,F,N,H,cont_8.5,15,1,1,2250,O,'+,3,YY,,,WSJOBS,2025-09-25 20:44:12
DK,TRJOBS,udfchar33,F,N,H,cont_8.4,17,1,1,1840,O,'+,2,YY,,,WSJOBS,2025-09-25 20:44:12
DK,TRJOBS,udfchar34,F,N,H,cont_8.5,16,1,1,2260,O,'+,3,YY,,,WSJOBS,2025-09-25 20:44:12
DK,TRJOBS,udfchar35,F,N,H,cont_8.4,18,1,1,1850,O,'+,2,YY,,,WSJOBS,2025-09-25 20:44:12
DK,TRJOBS,udfchar36,F,N,H,cont_8.5,17,1,1,2270,O,'+,3,YY,,,WSJOBS,2025-09-25 20:44:12
DK,TRJOBS,udfchar37,F,N,H,cont_8.4,19,1,1,1860,O,'+,2,YY,,,WSJOBS,2025-09-25 20:44:12
DK,TRJOBS,udfchar38,F,N,H,cont_8.5,18,1,1,2280,O,'+,3,YY,,,WSJOBS,2025-09-25 20:44:12
DK,TRJOBS,udfchar39,F,N,H,cont_8.4,20,1,1,1870,O,'+,2,YY,,,WSJOBS,2025-09-25 20:44:12
DK,TRJOBS,udfchar40,F,N,H,cont_8.5,19,1,1,2290,O,'+,3,YY,,,WSJOBS,2025-09-25 20:44:12
DK,TRJOBS,udfchar41,F,N,H,cont_8.4,21,1,1,1880,O,'+,2,YY,,,WSJOBS,2025-09-25 20:44:12
DK,TRJOBS,udfchar42,F,N,H,cont_8.5,20,1,1,2300,O,'+,3,YY,,,WSJOBS,2025-09-25 20:44:12
DK,TRJOBS,udfchar43,F,N,H,cont_8.4,22,1,1,1890,O,'+,2,YY,,,WSJOBS,2025-09-25 20:44:12
DK,TRJOBS,udfchar44,F,N,H,cont_8.5,21,1,1,2310,O,'+,3,YY,,,WSJOBS,2025-09-25 20:44:12
DK,TRJOBS,udfchar45,F,N,H,cont_8.4,23,1,1,1900,O,'+,2,YY,,,WSJOBS,2025-09-25 20:44:12
DK,TRJOBS,udfchar46,F,N,H,cont_8.5,22,1,1,2320,O,'+,3,YY,,,WSJOBS,2025-09-25 20:44:12
DK,TRJOBS,udfchar47,F,N,H,cont_8.4,24,1,1,1910,O,'+,2,YY,,,WSJOBS,2025-09-25 20:44:12
DK,TRJOBS,udfchar48,F,N,H,cont_8.5,23,1,1,2330,O,'+,3,YY,,,WSJOBS,2025-09-25 20:44:12
DK,TRJOBS,udfchar49,F,N,H,cont_8.4,25,1,1,1920,O,'+,2,YY,,,WSJOBS,2025-09-25 20:44:12
DK,TRJOBS,udfchar50,F,N,H,cont_8.5,24,1,1,2340,O,'+,3,YY,,,WSJOBS,2025-09-25 20:44:12
DK,TRJOBS,udfchar51,F,N,H,cont_8.4,26,1,1,1930,O,'+,2,YY,,,WSJOBS,2025-09-25 20:44:12
DK,TRJOBS,udfchar52,F,N,H,cont_8.5,25,1,1,2350,O,'+,3,YY,,,WSJOBS,2025-09-25 20:44:12
DK,TRJOBS,udfchar53,F,N,H,cont_8.4,27,1,1,1940,O,'+,2,YY,,,WSJOBS,2025-09-25 20:44:12
DK,TRJOBS,udfchar54,F,N,H,cont_8.5,26,1,1,2360,O,'+,3,YY,,,WSJOBS,2025-09-25 20:44:12
DK,TRJOBS,udfchar55,F,N,H,cont_8.4,28,1,1,1950,O,'+,2,YY,,,WSJOBS,2025-09-25 20:44:12
DK,TRJOBS,udfchkbox01,F,N,H,cont_8.5,37,1,1,2470,O,'+,3,YY,,,WSJOBS,2025-09-25 20:44:12
DK,TRJOBS,udfchkbox02,F,N,H,cont_8.4,39,1,1,2060,O,'+,2,YY,,,WSJOBS,2025-09-25 20:44:12
DK,TRJOBS,udfchkbox03,F,N,H,cont_8.5,38,1,1,2480,O,'+,3,YY,,,WSJOBS,2025-09-25 20:44:12
DK,TRJOBS,udfchkbox04,F,N,H,cont_8.4,40,1,1,2070,O,'+,2,YY,,,WSJOBS,2025-09-25 20:44:12
DK,TRJOBS,udfchkbox05,F,N,H,cont_8.5,39,1,1,2490,O,'+,3,YY,,,WSJOBS,2025-09-25 20:44:12
DK,TRJOBS,udfchkbox06,F,N,H,cont_8.4,41,1,1,2080,O,'+,2,YY,,,WSJOBS,2025-09-25 20:44:12
DK,TRJOBS,udfchkbox07,F,N,H,cont_8.5,40,1,1,2500,O,'+,3,YY,,,WSJOBS,2025-09-25 20:44:12
DK,TRJOBS,udfchkbox08,F,N,H,cont_8.4,42,1,1,2090,O,'+,2,YY,,,WSJOBS,2025-09-25 20:44:12
DK,TRJOBS,udfchkbox09,F,N,H,cont_8.5,41,1,1,2510,O,'+,3,YY,,,WSJOBS,2025-09-25 20:44:12
DK,TRJOBS,udfchkbox10,F,N,H,cont_8.4,43,1,1,2100,O,'+,2,YY,,,WSJOBS,2025-09-25 20:44:12
DK,TRJOBS,udfdate01,F,N,H,cont_8.5,27,1,1,2370,O,'+,3,YY,,,WSJOBS,2025-09-25 20:44:12
DK,TRJOBS,udfdate02,F,N,H,cont_8.4,29,1,1,1960,O,'+,2,YY,,,WSJOBS,2025-09-25 20:44:12
DK,TRJOBS,udfdate03,F,N,H,cont_8.5,28,1,1,2380,O,'+,3,YY,,,WSJOBS,2025-09-25 20:44:12
DK,TRJOBS,udfdate04,F,N,H,cont_8.4,30,1,1,1970,O,'+,2,YY,,,WSJOBS,2025-09-25 20:44:12
DK,TRJOBS,udfdate05,F,N,H,cont_8.5,29,1,1,2390,O,'+,3,YY,,,WSJOBS,2025-09-25 20:44:12
DK,TRJOBS,udfdate06,F,N,H,cont_8.4,31,1,1,1980,O,'+,2,YY,,,WSJOBS,2025-09-25 20:44:12
DK,TRJOBS,udfdate07,F,N,H,cont_8.5,30,1,1,2400,O,'+,3,YY,,,WSJOBS,2025-09-25 20:44:12
DK,TRJOBS,udfdate08,F,N,H,cont_8.4,32,1,1,1990,O,'+,2,YY,,,WSJOBS,2025-09-25 20:44:12
DK,TRJOBS,udfdate09,F,N,H,cont_8.5,31,1,1,2410,O,'+,3,YY,,,WSJOBS,2025-09-25 20:44:12
DK,TRJOBS,udfdate10,F,N,H,cont_8.4,33,1,1,2000,O,'+,2,YY,,,WSJOBS,2025-09-25 20:44:12
DK,TRJOBS,udfnote01,F,N,H,cont_8.6,1,1,2,2570,O,'-,2,YY,,,WSJOBS,2025-09-25 20:44:12
DK,TRJOBS,udfnote02,F,N,H,cont_8.6,2,1,2,2580,O,'-,2,YY,,,WSJOBS,2025-09-25 20:44:12
DK,TRJOBS,udfnum01,F,N,H,cont_8.5,32,1,1,2420,O,'+,3,YY,,,WSJOBS,2025-09-25 20:44:12
DK,TRJOBS,udfnum02,F,N,H,cont_8.4,34,1,1,2010,O,'+,2,YY,,,WSJOBS,2025-09-25 20:44:12
DK,TRJOBS,udfnum03,F,N,H,cont_8.5,33,1,1,2430,O,'+,3,YY,,,WSJOBS,2025-09-25 20:44:12
DK,TRJOBS,udfnum04,F,N,H,cont_8.4,35,1,1,2020,O,'+,2,YY,,,WSJOBS,2025-09-25 20:44:12
DK,TRJOBS,udfnum05,F,N,H,cont_8.5,34,1,1,2440,O,'+,3,YY,,,WSJOBS,2025-09-25 20:44:12
DK,TRJOBS,udfnum06,F,N,H,cont_8.4,36,1,1,2030,O,'+,2,YY,,,WSJOBS,2025-09-25 20:44:12
DK,TRJOBS,udfnum07,F,N,H,cont_8.5,35,1,1,2450,O,'+,3,YY,,,WSJOBS,2025-09-25 20:44:12
DK,TRJOBS,udfnum08,F,N,H,cont_8.4,37,1,1,2040,O,'+,2,YY,,,WSJOBS,2025-09-25 20:44:12
DK,TRJOBS,udfnum09,F,N,H,cont_8.5,36,1,1,2460,O,'+,3,YY,,,WSJOBS,2025-09-25 20:44:12
DK,TRJOBS,udfnum10,F,N,H,cont_8.4,38,1,1,2050,O,'+,2,YY,,,WSJOBS,2025-09-25 20:44:12
DK,TRJOBS,unsignedwodifferences,F,Y,H,cont_13.5,1,1,1,3160,O,'-,2,YY,,,WSJOBS,2025-09-25 20:44:12
DK,TRJOBS,utilitysystemincident,F,Y,H,cont_9.2,8,1,1,3040,O,'-,2,YY,,,WSJOBS,2025-09-25 20:44:12
DK,TRJOBS,vendor,F,Y,H,cont_3,4,1,1,260,P,'+,2,YY,,,WSJOBS,2025-09-25 20:44:12
DK,TRJOBS,viewequipcustomfields,F,Y,H,cont_12,1,1,1,3130,O,'-,2,YY,,,WSJOBS,2025-09-25 20:44:12
DK,TRJOBS,viewequipmaterialusage,F,Y,H,cont_12.5,1,1,1,3140,O,'-,2,YY,,,WSJOBS,2025-09-25 20:44:12
DK,TRJOBS,viewgismap,F,Y,H,cont_10.3,1,1,1,3060,O,'-,2,YY,,,WSJOBS,2025-09-25 20:44:12
DK,TRJOBS,viewplannedpartava,F,Y,H,cont_13,1,1,1,3150,O,'-,2,YY,,,WSJOBS,2025-09-25 20:44:12
DK,TRJOBS,vipstatus_display,F,Y,P,cont_23,1,1,1,3650,P,'-,2,YY,,,WSJOBS,2025-09-25 20:44:12
DK,TRJOBS,warranty,F,Y,H,cont_3,7,1,1,290,O,'+,3,YY,,,WSJOBS,2025-09-25 20:44:12
DK,TRJOBS,woclass,F,Y,O,cont_5,1,1,1,610,O,'+,2,YY,,,WSJOBS,2025-09-25 20:44:12
DK,TRJOBS,workaccomplished,F,Y,H,cont_7,7,1,1,1560,O,'+,2,YY,,,WSJOBS,2025-09-25 20:44:12
DK,TRJOBS,workaddress,F,Y,O,cont_6.7,1,1,2,1330,O,'+,2,YY,,,WSJOBS,2025-09-25 20:44:12
DK,TRJOBS,workmanship,F,Y,H,cont_6,25,1,1,1180,O,'+,2,YY,,,WSJOBS,2025-09-25 20:44:12
DK,TRJOBS,workordernum,F,S,P,cont_1,1,1,2,10,P,'-,2,YY,,,WSJOBS,2025-09-25 20:44:12
DK,TRJOBS,workorderstatus,F,S,S,cont_3,2,1,1,240,S,'+,2,YY,,,WSJOBS,2025-09-25 20:44:12
DK,TRJOBS,workordertype,F,S,S,cont_2,1,1,1,100,S,'+,2,YY,,,WSJOBS,2025-09-25 20:44:12
DK,TRJOBS,workspace,F,Y,H,cont_3,1,1,1,230,O,'+,2,YY,,,WSJOBS,2025-09-25 20:44:12
DK,ZJ1000,aboveceilingpermit,F,Y,H,cont_9.1,1,1,1,2820,O,'-,17,YY,,,WSJOBS,2025-12-18 15:12:28
DK,ZJ1000,accountingentity,F,Y,P,cont_4.5,3,1,1,640,P,'+,17,YY,,,WSJOBS,2025-12-18 15:12:28
DK,ZJ1000,actenddate,F,Y,H,cont_8,2,1,1,1680,R,'+,17,YY,,,WSJOBS,2025-12-18 15:12:28
DK,ZJ1000,actioncode,F,Y,H,cont_6,7,1,1,1020,O,'+,19,YY,,,WSJOBS,2025-12-18 15:12:28
DK,ZJ1000,actioncodedesc,F,Y,H,cont_6,30,1,1,1280,P,'+,19,YY,,,WSJOBS,2025-12-18 15:12:28
DK,ZJ1000,activity,F,Y,H,cont_7,1,1,1,1580,P,'+,17,YY,,,WSJOBS,2025-12-18 15:12:28
DK,ZJ1000,actstartdate,F,Y,H,cont_8,1,1,1,1670,R,'+,17,YY,,,WSJOBS,2025-12-18 15:12:28
DK,ZJ1000,alertcode,F,Y,H,cont_5,17,1,1,850,P,'+,20,YN,,,WSJOBS,2025-12-18 15:12:28
DK,ZJ1000,alias,F,Y,H,cont_2,4,1,1,210,P,'+,18,YY,,,WSJOBS,2025-12-18 15:12:28
DK,ZJ1000,assignedbyname,F,Y,H,cont_9,19,1,1,2810,P,'+,17,YY,,,WSJOBS,2025-12-18 15:12:28
DK,ZJ1000,assignedto,F,Y,O,cont_9,4,1,1,2640,O,'+,17,YY,,,WSJOBS,2025-12-18 15:12:28
DK,ZJ1000,assignedtodesc,F,Y,H,cont_9,5,1,1,2650,P,'+,17,YY,,,WSJOBS,2025-12-18 15:12:28
DK,ZJ1000,asslevel,F,Y,H,cont_8,7,1,1,1730,O,'+,17,YY,,,WSJOBS,2025-12-18 15:12:28
DK,ZJ1000,block_1,B,Y,O,,,,,,O,'-,0,YY,,,WSJOBS,2025-10-23 11:40:51
DK,ZJ1000,block_10,B,Y,O,,,,,,O,'-,0,YY,,,WSJOBS,2025-10-23 11:40:51
DK,ZJ1000,block_12,B,Y,H,,,,,,O,'-,0,YY,,,WSJOBS,2025-10-23 11:40:51
DK,ZJ1000,block_13,B,Y,H,,,,,,O,'-,0,YY,,,WSJOBS,2025-10-23 11:40:51
DK,ZJ1000,block_14,B,Y,H,,,,,,O,'-,0,YY,,,WSJOBS,2025-10-23 11:40:51
DK,ZJ1000,block_2,B,Y,H,,,,,,O,'+,1,YY,,,WSJOBS,2025-10-23 13:22:19
DK,ZJ1000,block_3,B,Y,H,,,,,,O,'+,1,YY,,,WSJOBS,2025-10-23 13:13:10
DK,ZJ1000,block_4,B,Y,C,,,,,,O,'+,1,YY,,,WSJOBS,2025-10-23 13:28:27
DK,ZJ1000,block_5,B,Y,H,,,,,,O,'+,1,YY,,,WSJOBS,2025-10-24 14:52:48
DK,ZJ1000,block_6,B,Y,H,,,,,,C,'+,0,YY,,,WSJOBS,2025-10-23 11:40:51
DK,ZJ1000,block_7,B,Y,O,,,,,,O,'+,3,YY,,,WSJOBS,2025-10-23 13:20:57
DK,ZJ1000,block_8,B,Y,H,,,,,,C,'+,1,YY,,,WSJOBS,2025-10-23 13:28:27
DK,ZJ1000,block_9,B,Y,H,,,,,,O,'-,0,YY,,,WSJOBS,2025-10-23 11:40:51
DK,ZJ1000,buildingmaintenanceprogram,F,Y,H,cont_9.1,7,1,1,2880,O,'-,17,YY,,,WSJOBS,2025-12-18 15:12:28
DK,ZJ1000,calcpriority,F,Y,H,cont_6,18,1,1,1160,O,'+,19,YY,,,WSJOBS,2025-12-18 15:12:28
DK,ZJ1000,callcenterworeport,F,Y,H,cont_17,1,1,1,3170,O,'-,17,YY,,,WSJOBS,2025-12-18 15:12:28
DK,ZJ1000,callername,F,Y,H,cont_5,12,1,1,800,P,'+,20,YN,,,WSJOBS,2025-12-18 15:12:28
DK,ZJ1000,campaign,F,N,P,cont_9,14,1,1,2740,P,'+,17,YN,,,WSJOBS,2025-12-18 15:12:28
DK,ZJ1000,campaigndash,F,Y,H,cont_9,14,2,1,2750,O,'+,17,YN,,,WSJOBS,2025-12-18 15:12:28
DK,ZJ1000,campaignevent,F,N,P,cont_9,14,3,1,2760,P,'+,17,YN,,,WSJOBS,2025-12-18 15:12:28
DK,ZJ1000,campaignstatusdesc,F,N,P,cont_9,15,1,1,2770,P,'+,17,YN,,,WSJOBS,2025-12-18 15:12:28
DK,ZJ1000,casecode,F,Y,H,cont_6.85,1,1,1,1500,P,'+,17,YY,,,WSJOBS,2025-12-18 15:12:28
DK,ZJ1000,casetype,F,Y,H,cont_6.85,2,1,1,1510,P,'+,17,YY,,,WSJOBS,2025-12-18 15:12:28
DK,ZJ1000,categoryname,F,Y,H,cont_6,19,1,1,1170,P,'+,19,YY,,,WSJOBS,2025-12-18 15:12:28
DK,ZJ1000,causecode,F,Y,H,cont_5,9,1,1,770,O,'+,20,YY,,,WSJOBS,2025-12-18 15:12:28
DK,ZJ1000,causecodedesc,F,Y,H,cont_5,25,1,1,930,P,'+,20,YY,,,WSJOBS,2025-12-18 15:12:28
DK,ZJ1000,closinglatitude,F,Y,H,cont_6,24,1,1,1220,P,'+,19,YY,,,WSJOBS,2025-12-18 15:12:28
DK,ZJ1000,closinglongitude,F,Y,H,cont_6,25,1,1,1230,P,'+,19,YY,,,WSJOBS,2025-12-18 15:12:28
DK,ZJ1000,cnnumber,F,Y,H,cont_5,6,1,1,740,O,'+,20,YN,,,WSJOBS,2025-12-18 15:12:28
DK,ZJ1000,completeproductionorder,F,Y,H,cont_10.91,1,1,1,3110,O,'-,17,YY,,,WSJOBS,2025-12-18 15:12:28
DK,ZJ1000,complevel,F,Y,H,cont_8,8,1,1,1740,O,'+,17,YY,,,WSJOBS,2025-12-18 15:12:28
DK,ZJ1000,componentlocation,F,Y,H,cont_8,9,1,1,1750,O,'+,17,YY,,,WSJOBS,2025-12-18 15:12:28
DK,ZJ1000,confinedspace,F,Y,H,cont_9.1,11,1,1,2920,O,'-,17,YY,,,WSJOBS,2025-12-18 15:12:28
DK,ZJ1000,costcode,F,Y,H,cont_6,2,1,1,950,O,'+,20,YY,,,WSJOBS,2025-12-18 15:12:28
DK,ZJ1000,coveragetype,F,Y,H,cont_3,4,1,1,320,P,'+,18,YY,,,WSJOBS,2025-12-18 15:12:28
DK,ZJ1000,createcase,F,Y,H,cont_18,1,1,1,3180,O,'-,17,YY,,,WSJOBS,2025-12-18 15:12:28
DK,ZJ1000,createcustomerinvoice,F,Y,H,cont_11,1,1,1,3120,O,'-,17,YY,,,WSJOBS,2025-12-18 15:12:28
DK,ZJ1000,createdby,F,Y,P,cont_4,2,1,1,380,P,'+,17,YY,,,WSJOBS,2025-12-18 15:12:28
DK,ZJ1000,creategislinearwo,F,Y,H,cont_21,1,1,1,3600,O,'-,17,YY,,,WSJOBS,2025-12-18 15:12:28
DK,ZJ1000,createproductionorder,F,Y,H,cont_10.9,1,1,1,3100,O,'-,17,YY,,,WSJOBS,2025-12-18 15:12:28
DK,ZJ1000,createproductionrequest,F,Y,H,cont_10.8,1,1,1,3090,O,'-,17,YY,,,WSJOBS,2025-12-18 15:12:28
DK,ZJ1000,createrootcauseanalysis,F,Y,H,cont_18,4,1,1,3210,O,'-,17,YY,,,WSJOBS,2025-12-18 15:12:28
DK,ZJ1000,createstandardwo,F,Y,H,cont_10.5,1,1,1,3070,O,'-,17,YY,,,WSJOBS,2025-12-18 15:12:28
DK,ZJ1000,createwarrantyclaim,F,Y,H,cont_10.7,1,1,1,3080,O,'-,17,YY,,,WSJOBS,2025-12-18 15:12:28
DK,ZJ1000,criticality,F,Y,H,cont_5,2,1,1,680,P,'+,20,YY,,,WSJOBS,2025-12-18 15:12:28
DK,ZJ1000,customer,F,Y,H,cont_5,10,1,1,780,P,'+,20,YN,,,WSJOBS,2025-12-18 15:12:28
DK,ZJ1000,customercontract,F,Y,H,cont_5,15,1,1,830,P,'+,20,YN,,,WSJOBS,2025-12-18 15:12:28
DK,ZJ1000,datecompleted,F,Y,H,cont_9,12,1,1,2720,O,'+,17,YY,,,WSJOBS,2025-12-18 15:12:28
DK,ZJ1000,datecreated,F,Y,P,cont_4,3,1,1,390,P,'+,17,YY,,,WSJOBS,2025-12-18 15:12:28
DK,ZJ1000,datereported,F,Y,O,cont_9,2,1,1,2620,O,'+,17,YY,,,WSJOBS,2025-12-18 15:12:28
DK,ZJ1000,datetimecreated,F,Y,H,cont_4,8,1,1,440,P,'+,18,YY,,,WSJOBS,2025-12-18 15:12:28
DK,ZJ1000,department,F,Y,P,cont_4,4,1,1,400,S,'+,20,YY,,OPS,WSJOBS,2025-12-18 15:12:28
DK,ZJ1000,dependant,F,Y,H,cont_3,5,1,1,330,O,'+,18,YY,,,WSJOBS,2025-12-18 15:12:28
DK,ZJ1000,description,F,S,S,cont_1,1,2,2,20,S,'-,17,YY,,,WSJOBS,2025-12-18 15:12:28
DK,ZJ1000,downtimecost,F,Y,H,cont_6,10,1,1,1050,O,'+,19,YY,,,WSJOBS,2025-12-18 15:12:28
DK,ZJ1000,downtimecostcurr,F,Y,H,cont_6,10,2,1,1060,P,'+,19,YY,,,WSJOBS,2025-12-18 15:12:28
DK,ZJ1000,downtimehours,F,Y,H,cont_6,11,1,1,1070,O,'+,19,YY,,,WSJOBS,2025-12-18 15:12:28
DK,ZJ1000,duedate,F,Y,H,cont_6,12,1,1,1080,P,'+,20,YY,,,WSJOBS,2025-12-18 15:12:28
DK,ZJ1000,duplicatecase,F,Y,H,cont_6.85,3,1,1,1520,O,'+,17,YY,,,WSJOBS,2025-12-18 15:12:28
DK,ZJ1000,emailaddress,F,Y,P,cont_24,1,1,1,3670,P,'-,17,YY,,,WSJOBS,2025-12-18 15:12:28
DK,ZJ1000,eqpusabilitydesc,F,Y,H,cont_6.3,1,1,1,1290,O,'+,18,YY,,,WSJOBS,2025-12-18 15:12:28
DK,ZJ1000,equipmanufacturer,F,Y,H,cont_2,6,1,1,230,P,'+,18,YY,,,WSJOBS,2025-12-18 15:12:28
DK,ZJ1000,equipment,F,S,R,cont_1,3,1,2,50,O,'-,17,YY,,,WSJOBS,2025-12-18 15:12:28
DK,ZJ1000,equipmentdesc,F,Y,P,cont_1,3,2,2,60,P,'-,17,YY,,,WSJOBS,2025-12-18 15:12:28
DK,ZJ1000,equipmentorg,F,Y,H,cont_2,2,1,1,190,P,'+,18,YY,,,WSJOBS,2025-12-18 15:12:28
DK,ZJ1000,equipmenttype_display,F,Y,H,cont_2,1,1,1,180,P,'+,18,YY,,,WSJOBS,2025-12-18 15:12:28
DK,ZJ1000,esignaturedate,F,Y,H,cont_4,10,1,1,460,P,'+,18,YY,,,WSJOBS,2025-12-18 15:12:28
DK,ZJ1000,esignaturetype,F,Y,H,cont_4,11,1,1,470,P,'+,18,YY,,,WSJOBS,2025-12-18 15:12:28
DK,ZJ1000,esigner,F,Y,H,cont_4,9,1,1,450,O,'+,18,YY,,,WSJOBS,2025-12-18 15:12:28
DK,ZJ1000,esthrs,F,Y,O,cont_8,3,1,1,1690,O,'+,17,YY,,,WSJOBS,2025-12-18 15:12:28
DK,ZJ1000,estlaborcostcurrency,F,Y,H,cont_6.8,1,2,1,1400,P,'+,17,YY,,,WSJOBS,2025-12-18 15:12:28
DK,ZJ1000,estmatlcostcurrency,F,Y,H,cont_6.8,5,2,1,1450,P,'+,18,YY,,,WSJOBS,2025-12-18 15:12:28
DK,ZJ1000,estmisccostcurrency,F,Y,H,cont_6.8,6,2,1,1470,P,'+,18,YY,,,WSJOBS,2025-12-18 15:12:28
DK,ZJ1000,eventlog,F,Y,H,cont_10,1,1,1,3050,O,'-,17,YY,,,WSJOBS,2025-12-18 15:12:28
DK,ZJ1000,failurecode,F,Y,H,cont_6,6,1,1,1010,O,'+,19,YY,,,WSJOBS,2025-12-18 15:12:28
DK,ZJ1000,failurecodedesc,F,Y,H,cont_6,29,1,1,1270,P,'+,19,YY,,,WSJOBS,2025-12-18 15:12:28
DK,ZJ1000,failuremodedesc,F,Y,H,cont_5,20,1,1,880,O,'+,20,YY,,,WSJOBS,2025-12-18 15:12:28
DK,ZJ1000,firesafetyincident,F,Y,H,cont_9.2,6,1,1,3020,O,'-,17,YY,,,WSJOBS,2025-12-18 15:12:28
DK,ZJ1000,firstname,F,Y,P,cont_22,1,2,1,3620,P,'-,17,YY,,,WSJOBS,2025-12-18 15:12:28
DK,ZJ1000,flow,F,Y,H,cont_4.1,8,1,1,570,O,'+,17,YY,,,WSJOBS,2025-12-18 15:12:28
DK,ZJ1000,followupgroup_display,F,Y,H,cont_6,17,1,1,1150,P,'+,19,YY,,,WSJOBS,2025-12-18 15:12:28
DK,ZJ1000,forprint,F,Y,H,cont_2,8,1,1,250,O,'+,18,YY,,,WSJOBS,2025-12-18 15:12:28
DK,ZJ1000,fromgeoref,F,Y,O,cont_4.1,3,1,2,510,O,'+,17,YY,,,WSJOBS,2025-12-18 15:12:28
DK,ZJ1000,fromhorizontaloffset,F,Y,H,cont_19,13,1,1,3360,O,'-,17,YY,,,WSJOBS,2025-12-18 15:12:28
DK,ZJ1000,fromhoroffsettype,F,Y,H,cont_19,14,1,1,3380,O,'-,17,YY,,,WSJOBS,2025-12-18 15:12:28
DK,ZJ1000,fromhoroffsetuom,F,Y,H,cont_19,13,2,1,3370,O,'-,17,YY,,,WSJOBS,2025-12-18 15:12:28
DK,ZJ1000,fromlatitude,F,Y,H,cont_19,10,1,1,3330,O,'-,17,YY,,,WSJOBS,2025-12-18 15:12:28
DK,ZJ1000,fromlongitude,F,Y,H,cont_19,11,1,1,3340,O,'-,17,YY,,,WSJOBS,2025-12-18 15:12:28
DK,ZJ1000,fromoffset,F,Y,H,cont_19,2,1,1,3250,O,'-,17,YY,,,WSJOBS,2025-12-18 15:12:28
DK,ZJ1000,fromoffsetdirection,F,Y,H,cont_19,4,1,1,3270,O,'-,17,YY,,,WSJOBS,2025-12-18 15:12:28
DK,ZJ1000,fromoffsetpercent,F,Y,H,cont_19,3,1,1,3260,O,'-,17,YY,,,WSJOBS,2025-12-18 15:12:28
DK,ZJ1000,frompoint,F,Y,O,cont_4.1,1,1,1,480,O,'+,17,YY,,,WSJOBS,2025-12-18 15:12:28
DK,ZJ1000,frompointuom_display,F,Y,P,cont_4.1,1,2,1,490,P,'+,17,YY,,,WSJOBS,2025-12-18 15:12:28
DK,ZJ1000,fromrefdesc,F,Y,O,cont_4.1,2,1,2,500,O,'+,17,YY,,,WSJOBS,2025-12-18 15:12:28
DK,ZJ1000,fromreferencepoint,F,Y,H,cont_19,1,1,1,3240,O,'-,17,YY,,,WSJOBS,2025-12-18 15:12:28
DK,ZJ1000,fromrelationshiptype,F,Y,H,cont_19,12,1,1,3350,O,'-,17,YY,,,WSJOBS,2025-12-18 15:12:28
DK,ZJ1000,fromverticaloffset,F,Y,H,cont_19,15,1,1,3390,O,'-,17,YY,,,WSJOBS,2025-12-18 15:12:28
DK,ZJ1000,fromverticaloffsettype,F,Y,H,cont_19,16,1,1,3410,O,'-,17,YY,,,WSJOBS,2025-12-18 15:12:28
DK,ZJ1000,fromverticaloffsetuom,F,Y,H,cont_19,15,2,1,3400,O,'-,17,YY,,,WSJOBS,2025-12-18 15:12:28
DK,ZJ1000,fromxcoordinate,F,Y,H,cont_19,8,1,1,3310,O,'-,17,YY,,,WSJOBS,2025-12-18 15:12:28
DK,ZJ1000,fromycoordinate,F,Y,H,cont_19,9,1,1,3320,O,'-,17,YY,,,WSJOBS,2025-12-18 15:12:28
DK,ZJ1000,geocodeaddress,F,Y,H,cont_18,6,1,1,3230,O,'-,17,YY,,,WSJOBS,2025-12-18 15:12:28
DK,ZJ1000,guestprofileid,F,Y,P,cont_24,2,1,1,3680,P,'-,17,YY,,,WSJOBS,2025-12-18 15:12:28
DK,ZJ1000,hazardousmaterialsincident,F,Y,H,cont_9.2,5,1,1,3010,O,'-,17,YY,,,WSJOBS,2025-12-18 15:12:28
DK,ZJ1000,hipaaconfidentiality,F,Y,H,cont_9.1,15,1,1,2960,O,'-,17,YY,,,WSJOBS,2025-12-18 15:12:28
DK,ZJ1000,hotworkburnpermit,F,Y,H,cont_9.1,10,1,1,2910,O,'-,17,YY,,,WSJOBS,2025-12-18 15:12:28
DK,ZJ1000,humanfactor,F,Y,H,cont_5,23,1,1,910,O,'+,20,YY,,,WSJOBS,2025-12-18 15:12:28
DK,ZJ1000,humanoversight,F,Y,H,cont_6,27,1,1,1250,O,'+,19,YY,,,WSJOBS,2025-12-18 15:12:28
DK,ZJ1000,inspectiondirection,F,Y,H,cont_4.1,7,1,1,560,O,'+,17,YY,,,WSJOBS,2025-12-18 15:12:28
DK,ZJ1000,interiminfectioncontrol,F,Y,H,cont_9.1,3,1,1,2840,O,'-,17,YY,,,WSJOBS,2025-12-18 15:12:28
DK,ZJ1000,interimlifesafety,F,Y,H,cont_9.1,2,1,1,2830,O,'-,17,YY,,,WSJOBS,2025-12-18 15:12:28
DK,ZJ1000,lastmeterread,F,Y,H,cont_6,4,1,1,980,P,'+,19,YY,,,WSJOBS,2025-12-18 15:12:28
DK,ZJ1000,lastname,F,Y,P,cont_22,1,4,1,3640,P,'-,17,YY,,,WSJOBS,2025-12-18 15:12:28
DK,ZJ1000,latitude,F,Y,H,cont_6,22,1,1,1200,O,'+,19,YY,,,WSJOBS,2025-12-18 15:12:28
DK,ZJ1000,location,F,Y,H,cont_1,9,1,2,120,O,'+,21,YY,,,WSJOBS,2025-12-18 15:12:28
DK,ZJ1000,locationdesc,F,Y,P,cont_1,9,2,2,130,P,'+,20,YY,,,WSJOBS,2025-12-18 15:12:28
DK,ZJ1000,lockouttagout,F,Y,H,cont_9.1,9,1,1,2900,O,'-,17,YY,,,WSJOBS,2025-12-18 15:12:28
DK,ZJ1000,longitude,F,Y,H,cont_6,23,1,1,1210,O,'+,19,YY,,,WSJOBS,2025-12-18 15:12:28
DK,ZJ1000,maintenancepattern,F,Y,H,cont_5,4,1,1,700,P,'+,20,YN,,,WSJOBS,2025-12-18 15:12:28
DK,ZJ1000,maintenancepatterndash,F,Y,H,cont_5,4,2,1,710,O,'+,20,YN,,,WSJOBS,2025-12-18 15:12:28
DK,ZJ1000,managerprofileid,F,Y,P,cont_24,3,1,1,3690,P,'-,17,YY,,,WSJOBS,2025-12-18 15:12:28
DK,ZJ1000,manufacturer,F,Y,H,cont_7,9,1,1,1660,O,'+,17,YY,,,WSJOBS,2025-12-18 15:12:28
DK,ZJ1000,matlcode,F,Y,O,cont_7,5,1,1,1620,O,'+,17,YY,,,WSJOBS,2025-12-18 15:12:28
DK,ZJ1000,medicalequipmentincident,F,Y,H,cont_9.2,7,1,1,3030,O,'-,17,YY,,,WSJOBS,2025-12-18 15:12:28
DK,ZJ1000,meteruom,F,Y,H,cont_6,4,2,1,990,P,'+,19,YY,,,WSJOBS,2025-12-18 15:12:28
DK,ZJ1000,methodofdetection,F,Y,H,cont_6,28,1,1,1260,O,'+,19,YY,,,WSJOBS,2025-12-18 15:12:28
DK,ZJ1000,middlename,F,Y,P,cont_22,1,3,1,3630,P,'-,17,YY,,,WSJOBS,2025-12-18 15:12:28
DK,ZJ1000,minor,F,Y,H,cont_6,20,1,1,1180,O,'+,19,YY,,,WSJOBS,2025-12-18 15:12:28
DK,ZJ1000,model,F,Y,H,cont_2,7,1,1,240,P,'+,18,YY,,,WSJOBS,2025-12-18 15:12:28
DK,ZJ1000,mpsequence,F,Y,H,cont_5,4,3,1,720,P,'+,20,YN,,,WSJOBS,2025-12-18 15:12:28
DK,ZJ1000,msproject,F,Y,H,cont_5,7,1,1,750,P,'+,20,YY,,,WSJOBS,2025-12-18 15:12:28
DK,ZJ1000,multiequip,F,Y,H,cont_2,3,1,1,200,P,'+,18,YY,,,WSJOBS,2025-12-18 15:12:28
DK,ZJ1000,multipletrades,F,Y,H,cont_7,3,1,1,1600,P,'+,17,YY,,,WSJOBS,2025-12-18 15:12:28
DK,ZJ1000,oemsitesystemid,F,Y,H,cont_3,2,1,1,300,P,'+,18,YY,,,WSJOBS,2025-12-18 15:12:28
DK,ZJ1000,organization,F,S,S,cont_4,1,1,1,370,S,'+,17,YY,,,WSJOBS,2025-12-18 15:12:28
DK,ZJ1000,origcasemanagementtask,F,Y,H,cont_6.85,8,1,1,1570,P,'+,17,YY,,,WSJOBS,2025-12-18 15:12:28
DK,ZJ1000,originatingcase,F,Y,H,cont_6.85,7,1,1,1560,P,'+,17,YY,,,WSJOBS,2025-12-18 15:12:28
DK,ZJ1000,originatingjob,F,Y,H,cont_6,16,1,1,1140,P,'+,19,YY,,,WSJOBS,2025-12-18 15:12:28
DK,ZJ1000,originatingwo,F,Y,H,cont_6,15,1,1,1110,P,'+,19,YY,,,WSJOBS,2025-12-18 15:12:28
DK,ZJ1000,originatingwoactivity,F,Y,H,cont_6,15,3,1,1130,P,'+,19,YY,,,WSJOBS,2025-12-18 15:12:28
DK,ZJ1000,originatingwodash,F,Y,H,cont_6,15,2,1,1120,P,'+,19,YY,,,WSJOBS,2025-12-18 15:12:28
DK,ZJ1000,package,F,Y,H,cont_5,16,1,1,840,P,'+,20,YN,,,WSJOBS,2025-12-18 15:12:28
DK,ZJ1000,parentproperty,F,Y,H,cont_1,2,1,2,30,P,'-,17,YY,,,WSJOBS,2025-12-18 15:12:28
DK,ZJ1000,parentpropertydesc,F,Y,H,cont_1,2,2,2,40,P,'-,17,YY,,,WSJOBS,2025-12-18 15:12:28
DK,ZJ1000,parentwo,F,Y,H,cont_5,5,1,1,730,O,'+,20,YY,,,WSJOBS,2025-12-18 15:12:28
DK,ZJ1000,patientsafety,F,Y,H,cont_9.1,12,1,1,2930,O,'-,17,YY,,,WSJOBS,2025-12-18 15:12:28
DK,ZJ1000,patientvisitorinjury,F,Y,H,cont_9.2,1,1,1,2970,O,'-,17,YY,,,WSJOBS,2025-12-18 15:12:28
DK,ZJ1000,performlinearsearch,F,Y,H,cont_18,3,1,1,3200,O,'-,17,YY,,,WSJOBS,2025-12-18 15:12:28
DK,ZJ1000,permfixpromisedate,F,Y,H,cont_6.5,1,1,1,1330,O,'+,18,YY,,,WSJOBS,2025-12-18 15:12:28
DK,ZJ1000,permitreviewedby,F,Y,H,cont_5,19,1,1,870,P,'+,20,YY,,,WSJOBS,2025-12-18 15:12:28
DK,ZJ1000,personalprotectiveequipment,F,Y,H,cont_9.1,8,1,1,2890,O,'-,17,YY,,,WSJOBS,2025-12-18 15:12:28
DK,ZJ1000,phonenumber,F,Y,P,cont_23,2,1,1,3660,P,'-,17,YY,,,WSJOBS,2025-12-18 15:12:28
DK,ZJ1000,piddrawing,F,Y,H,cont_3,8,1,1,360,P,'+,18,YY,,,WSJOBS,2025-12-18 15:12:28
DK,ZJ1000,pidno,F,Y,H,cont_3,7,1,1,350,P,'+,18,YY,,,WSJOBS,2025-12-18 15:12:28
DK,ZJ1000,planforimprovement,F,Y,H,cont_9.1,5,1,1,2860,O,'-,17,YY,,,WSJOBS,2025-12-18 15:12:28
DK,ZJ1000,pmcode,F,Y,H,cont_5,3,1,1,690,P,'+,20,YY,,,WSJOBS,2025-12-18 15:12:28
DK,ZJ1000,pplreq,F,Y,O,cont_8,5,1,1,1710,O,'+,17,YY,,,WSJOBS,2025-12-18 15:12:28
DK,ZJ1000,preconstructionriskassessment,F,Y,H,cont_9.1,4,1,1,2850,O,'-,17,YY,,,WSJOBS,2025-12-18 15:12:28
DK,ZJ1000,preservecalcpriority,F,Y,H,cont_6,21,1,1,1190,O,'+,19,YY,,,WSJOBS,2025-12-18 15:12:28
DK,ZJ1000,printed,F,Y,H,cont_3,6,1,1,340,P,'+,18,YY,,,WSJOBS,2025-12-18 15:12:28
DK,ZJ1000,priority,F,Y,H,cont_4,7,1,1,430,O,'+,18,YY,,,WSJOBS,2025-12-18 15:12:28
DK,ZJ1000,problemcode,F,Y,H,cont_5,1,1,1,670,O,'+,18,YY,,,WSJOBS,2025-12-18 15:12:28
DK,ZJ1000,problemcodedesc,F,Y,H,cont_5,24,1,1,920,P,'+,20,YY,,,WSJOBS,2025-12-18 15:12:28
DK,ZJ1000,productionenddate,F,Y,P,cont_4.5,2,1,1,630,P,'+,17,YY,,,WSJOBS,2025-12-18 15:12:28
DK,ZJ1000,productionorder,F,Y,P,cont_4.3,3,1,1,610,P,'+,17,YY,,,WSJOBS,2025-12-18 15:12:28
DK,ZJ1000,productionpriority,F,Y,O,cont_4.6,1,1,2,650,O,'+,17,YY,,,WSJOBS,2025-12-18 15:12:28
DK,ZJ1000,productionprioritydescription,F,Y,H,cont_4.6,2,1,2,660,P,'+,17,YY,,,WSJOBS,2025-12-18 15:12:28
DK,ZJ1000,productionrequest,F,Y,P,cont_4.3,1,1,1,590,P,'+,17,YY,,,WSJOBS,2025-12-18 15:12:28
DK,ZJ1000,productionrequestrevision,F,Y,P,cont_4.3,2,1,1,600,P,'+,17,YY,,,WSJOBS,2025-12-18 15:12:28
DK,ZJ1000,productionstartdate,F,Y,P,cont_4.5,1,1,1,620,P,'+,17,YY,,,WSJOBS,2025-12-18 15:12:28
DK,ZJ1000,projbud,F,Y,H,cont_1,10,3,1,160,O,'+,22,YN,,,WSJOBS,2025-12-18 15:12:28
DK,ZJ1000,project,F,Y,H,cont_1,10,1,1,140,O,'+,22,YN,,,WSJOBS,2025-12-18 15:12:28
DK,ZJ1000,projectdash,F,Y,O,cont_1,10,2,1,150,O,'+,21,YN,,,WSJOBS,2025-12-18 15:12:28
DK,ZJ1000,projectdesc,F,Y,H,cont_1,11,1,1,170,P,'+,21,YY,,,WSJOBS,2025-12-18 15:12:28
DK,ZJ1000,property,F,Y,H,cont_5,11,1,1,790,P,'+,20,YN,,,WSJOBS,2025-12-18 15:12:28
DK,ZJ1000,propertydamage,F,Y,H,cont_9.2,4,1,1,3000,O,'-,17,YY,,,WSJOBS,2025-12-18 15:12:28
DK,ZJ1000,reasonforrepair,F,Y,H,cont_7,6,1,1,1630,O,'+,17,YY,,,WSJOBS,2025-12-18 15:12:28
DK,ZJ1000,recallnotice,F,Y,H,cont_9.1,13,1,1,2940,O,'-,17,YY,,,WSJOBS,2025-12-18 15:12:28
DK,ZJ1000,rejectreason,F,Y,H,cont_5,13,1,1,810,P,'+,20,YY,,,WSJOBS,2025-12-18 15:12:28
DK,ZJ1000,relatedfromoffset,F,Y,H,cont_19,6,1,1,3290,P,'-,17,YY,,,WSJOBS,2025-12-18 15:12:28
DK,ZJ1000,relatedfromoffsetdir,F,Y,H,cont_19,7,1,1,3300,P,'-,17,YY,,,WSJOBS,2025-12-18 15:12:28
DK,ZJ1000,relatedfromreferencedesc,F,Y,H,cont_19,5,1,1,3280,P,'-,17,YY,,,WSJOBS,2025-12-18 15:12:28
DK,ZJ1000,relatedtooffset,F,Y,H,cont_20,6,1,1,3470,P,'-,17,YY,,,WSJOBS,2025-12-18 15:12:28
DK,ZJ1000,relatedtooffsetdir,F,Y,H,cont_20,7,1,1,3480,P,'-,17,YY,,,WSJOBS,2025-12-18 15:12:28
DK,ZJ1000,relatedtoreferencedesc,F,Y,H,cont_20,5,1,1,3460,P,'-,17,YY,,,WSJOBS,2025-12-18 15:12:28
DK,ZJ1000,relationshiptype,F,Y,H,cont_4.1,9,1,1,580,O,'+,17,YY,,,WSJOBS,2025-12-18 15:12:28
DK,ZJ1000,reliabilityranking,F,Y,H,cont_2,9,1,1,260,P,'+,18,YY,,,WSJOBS,2025-12-18 15:12:28
DK,ZJ1000,reliabilityrankingindex,F,Y,H,cont_2,10,1,1,270,P,'+,18,YY,,,WSJOBS,2025-12-18 15:12:28
DK,ZJ1000,reliabilityrankingscore,F,Y,H,cont_2,11,1,1,280,P,'+,18,YY,,,WSJOBS,2025-12-18 15:12:28
DK,ZJ1000,remhrs,F,Y,O,cont_8,4,1,1,1700,O,'+,17,YY,,,WSJOBS,2025-12-18 15:12:28
DK,ZJ1000,reopened,F,Y,H,cont_5,14,1,1,820,P,'+,20,YY,,,WSJOBS,2025-12-18 15:12:28
DK,ZJ1000,reportedby,F,Y,O,cont_9,1,1,1,2610,O,'+,17,YY,,,WSJOBS,2025-12-18 15:12:28
DK,ZJ1000,reqenddate,F,Y,H,cont_9,10,1,1,2700,O,'+,17,YY,,,WSJOBS,2025-12-18 15:12:28
DK,ZJ1000,reqstartdate,F,Y,H,cont_9,9,1,1,2690,O,'+,17,YY,,,WSJOBS,2025-12-18 15:12:28
DK,ZJ1000,requestedbyname,F,Y,H,cont_9,18,1,1,2800,P,'+,17,YY,,,WSJOBS,2025-12-18 15:12:28
DK,ZJ1000,routecode,F,Y,H,cont_6,8,1,1,1030,O,'+,19,YY,,,WSJOBS,2025-12-18 15:12:28
DK,ZJ1000,routestatusdesc,F,Y,H,cont_6,9,1,1,1040,P,'+,19,YN,,,WSJOBS,2025-12-18 15:12:28
DK,ZJ1000,safety,F,Y,H,cont_6,13,1,1,1090,O,'+,20,YY,,,WSJOBS,2025-12-18 15:12:28
DK,ZJ1000,safetyreviewedby,F,Y,H,cont_5,18,1,1,860,P,'+,20,YY,,,WSJOBS,2025-12-18 15:12:28
DK,ZJ1000,salutation_display,F,Y,P,cont_22,1,1,1,3610,P,'-,17,YY,,,WSJOBS,2025-12-18 15:12:28
DK,ZJ1000,schedenddate,F,Y,O,cont_9,7,1,1,2670,O,'+,17,YY,,,WSJOBS,2025-12-18 15:12:28
DK,ZJ1000,schedgroup,F,Y,H,cont_9,3,1,1,2630,O,'+,18,YY,,,WSJOBS,2025-12-18 15:12:28
DK,ZJ1000,schedsessiontypedesc,F,Y,H,cont_5,8,1,1,760,P,'+,20,YY,,,WSJOBS,2025-12-18 15:12:28
DK,ZJ1000,schedstartdate,F,Y,O,cont_9,6,1,1,2660,O,'+,17,YY,,,WSJOBS,2025-12-18 15:12:28
DK,ZJ1000,securityincident,F,Y,H,cont_9.2,3,1,1,2990,O,'-,17,YY,,,WSJOBS,2025-12-18 15:12:28
DK,ZJ1000,serialnumber,F,Y,H,cont_2,5,1,1,220,P,'+,18,YY,,,WSJOBS,2025-12-18 15:12:28
DK,ZJ1000,servicecategory,F,Y,H,cont_6.3,4,1,1,1320,O,'+,20,YY,,,WSJOBS,2025-12-18 15:12:28
DK,ZJ1000,servicecategoryorg,F,Y,H,cont_6.5,5,1,1,1370,P,'+,19,YY,,,WSJOBS,2025-12-18 15:12:28
DK,ZJ1000,servicecustomerrequest,F,Y,H,cont_6.85,4,1,1,1530,P,'+,18,YY,,,WSJOBS,2025-12-18 15:12:28
DK,ZJ1000,servicecustomerrequestorg,F,Y,H,cont_6.85,5,1,1,1540,P,'+,17,YY,,,WSJOBS,2025-12-18 15:12:28
DK,ZJ1000,serviceproblemcode,F,Y,H,cont_6.5,3,1,1,1350,O,'+,19,YY,,,WSJOBS,2025-12-18 15:12:28
DK,ZJ1000,serviceproblemcodeorg,F,Y,H,cont_6.5,4,1,1,1360,P,'+,19,YY,,,WSJOBS,2025-12-18 15:12:28
DK,ZJ1000,servicerequestid,F,Y,H,cont_9,17,1,1,2790,O,'+,17,YN,,,WSJOBS,2025-12-18 15:12:28
DK,ZJ1000,servicerequeststatus,F,Y,H,cont_6.85,6,1,1,1550,P,'+,17,YY,,,WSJOBS,2025-12-18 15:12:28
DK,ZJ1000,shift,F,Y,H,cont_9,13,1,1,2730,O,'+,18,YY,,,WSJOBS,2025-12-18 15:12:28
DK,ZJ1000,smda,F,Y,H,cont_9.1,14,1,1,2950,O,'-,17,YY,,,WSJOBS,2025-12-18 15:12:28
DK,ZJ1000,staffinjuryillness,F,Y,H,cont_9.2,2,1,1,2980,O,'-,17,YY,,,WSJOBS,2025-12-18 15:12:28
DK,ZJ1000,standardwo,F,Y,H,cont_6,1,1,1,940,O,'+,18,YY,,,WSJOBS,2025-12-18 15:12:28
DK,ZJ1000,startdate,F,Y,H,cont_9,11,1,1,2710,O,'+,17,YY,,,WSJOBS,2025-12-18 15:12:28
DK,ZJ1000,statementofconditions,F,Y,H,cont_9.1,6,1,1,2870,O,'-,17,YY,,,WSJOBS,2025-12-18 15:12:28
DK,ZJ1000,supplier,F,N,R,cont_1,4,1,1,70,O,'+,20,YY,,,WSJOBS,2025-12-18 15:12:28
DK,ZJ1000,supplierorg,F,Y,H,cont_6.3,3,1,1,1310,P,'+,18,YY,,,WSJOBS,2025-12-18 15:12:28
DK,ZJ1000,survey,F,Y,H,cont_9,16,1,1,2780,P,'+,17,YY,,,WSJOBS,2025-12-18 15:12:28
DK,ZJ1000,symptom,F,Y,H,cont_5,21,1,1,890,O,'+,20,YY,,,WSJOBS,2025-12-18 15:12:28
