TRP_FUNCTION,TRP_TAB,TRP_GROUP,TRP_VISIBLE,TRP_SELECT,TRP_UPDATE,TRP_INSERT,TRP_DELETE,TRP_SYSREQUIRED,TRP_UPDATECOUNT,TRP_SEQUENCE,TRP_SECURITYDDSPYID,TRP_ALTERSAVE,TRP_UPDATED,TRP_LASTSAVED
CCJOBS,ACD,DK,'-,?,*,'+,X,'-,0,26,,,2023-10-16 13:02:29,2023-10-16 13:02:29
CCJOBS,ACK,DK,'+,?,*,,,'-,0,40,,,2023-10-16 13:02:29,2023-10-16 13:02:29
CCJOBS,ACO,DK,'+,?,,'+,,'+,0,19,,,2023-10-16 13:02:29,2023-10-16 13:02:29
CCJOBS,ACT,DK,'+,?,*,'+,X,'+,0,4,,'+,2023-10-16 13:02:29,2023-10-16 13:02:29
CCJOBS,ADR,DK,'-,?,*,'+,X,'-,0,25,,,2023-10-16 13:02:29,2023-10-16 13:02:29
CCJOBS,AQU,DK,'+,?,,'+,X,'-,0,28,,'+,2023-10-16 13:02:29,2023-10-16 13:02:29
CCJOBS,BOO,DK,'+,?,,'+,,'+,0,5,,'+,2023-10-16 13:02:29,2023-10-16 13:02:29
CCJOBS,CEC,DK,'+,?,,,,'-,0,101,,,2023-10-16 13:02:29,2023-10-16 13:02:29
CCJOBS,CGO,DK,'+,?,*,,,'-,0,34,,,2023-10-16 13:02:29,2023-10-16 13:02:29
CCJOBS,CLC,DK,'+,?,*,'+,X,'-,0,49,,,2023-10-16 13:02:29,2023-10-16 13:02:29
CCJOBS,CLO,DK,'+,?,*,'+,X,'+,0,55,,,2023-10-16 13:02:29,2023-10-16 13:02:29
CCJOBS,CMT,DK,'+,?,*,'+,X,'+,0,3,,,2023-10-16 13:02:29,2023-10-16 13:02:29
CCJOBS,CST,DK,'+,?,,,,'+,0,13,,,2023-10-16 13:02:29,2023-10-16 13:02:29
CCJOBS,CTR,DK,'+,?,,,,'-,0,24,,,2023-10-16 13:02:29,2023-10-16 13:02:29
CCJOBS,CWO,DK,'+,?,*,'+,X,,0,16,,'+,2023-10-16 13:02:29,2023-10-16 13:02:29
CCJOBS,DAE,DK,'-,?,*,'+,X,'-,0,63,,,2023-10-16 13:02:29,2023-10-16 13:02:29
CCJOBS,DES,DK,'-,?,*,'+,X,'-,2,22,,,2025-04-03 03:01:59,2025-04-03 03:01:59
CCJOBS,DIW,DK,'+,?,,,,'-,0,47,,,2023-10-16 13:02:29,2023-10-16 13:02:29
CCJOBS,DOC,DK,'+,?,*,'+,X,'+,0,11,,,2023-10-16 13:02:29,2023-10-16 13:02:29
CCJOBS,DPD,DK,,,,,,,1,104,,'+,2026-04-02 01:02:59,2026-04-02 01:02:59
CCJOBS,EAC,DK,'+,?,*,'+,X,'-,0,61,,'+,2023-10-16 13:02:29,2023-10-16 13:02:29
CCJOBS,EER,DK,'+,?,*,'+,X,'-,0,62,,'+,2023-10-16 13:02:29,2023-10-16 13:02:29
CCJOBS,EPO,DK,'-,?,*,'+,X,'-,0,29,,'+,2023-10-16 13:02:29,2023-10-16 13:02:29
CCJOBS,ERC,DK,'-,?,,,,'-,0,21,,,2023-10-16 13:02:29,2023-10-16 13:02:29
CCJOBS,ETP,DK,'+,?,*,'+,X,'-,0,27,,'+,2023-10-16 13:02:29,2023-10-16 13:02:29
CCJOBS,GPH,DK,'+,?,,,,'-,0,38,,,2023-10-16 13:02:29,2023-10-16 13:02:29
CCJOBS,JBL,DK,'+,?,*,'+,X,'-,0,18,,'+,2023-10-16 13:02:29,2023-10-16 13:02:29
CCJOBS,JOB,DK,'-,?,*,'+,X,'-,0,41,,'+,2023-10-16 13:02:29,2023-10-16 13:02:29
CCJOBS,KSF,DK,'+,?,*,'+,X,'-,0,39,,'+,2023-10-16 13:02:29,2023-10-16 13:02:29
CCJOBS,LNO,DK,'-,?,,,,'-,0,44,,,2023-10-16 13:02:29,2023-10-16 13:02:29
CCJOBS,MAP,DK,'+,?,*,,,'-,0,48,,,2023-10-16 13:02:29,2023-10-16 13:02:29
CCJOBS,MDR,DK,'+,?,*,'+,X,'-,0,32,,'+,2023-10-16 13:02:29,2023-10-16 13:02:29
CCJOBS,MEC,DK,'+,?,*,'+,X,'-,0,12,,'+,2023-10-16 13:02:29,2023-10-16 13:02:29
CCJOBS,NCF,DK,'-,?,*,'+,X,'-,0,46,,'+,2023-10-16 13:02:29,2023-10-16 13:02:29
CCJOBS,NCT,DK,'-,?,*,'+,X,'-,0,64,,'+,2023-10-16 13:02:29,2023-10-16 13:02:29
CCJOBS,ORD,DK,'+,?,,,,'-,0,17,,,2023-10-16 13:02:29,2023-10-16 13:02:29
CCJOBS,PAR,DK,'+,?,*,'+,X,'+,0,10,,,2023-10-16 13:02:29,2023-10-16 13:02:29
CCJOBS,PAS,DK,'-,?,*,'+,X,'-,0,23,,'+,2023-10-16 13:02:29,2023-10-16 13:02:29
CCJOBS,PEV,DK,'+,?,*,'+,,,0,30,,'+,2023-10-16 13:02:29,2023-10-16 13:02:29
CCJOBS,PFA,DK,'+,?,*,'+,X,'-,0,31,,'+,2023-10-16 13:02:29,2023-10-16 13:02:29
CCJOBS,PLA,DK,'-,?,*,'+,X,'-,0,43,,'+,2023-10-16 13:02:29,2023-10-16 13:02:29
CCJOBS,REA,DK,'+,?,*,'+,X,,0,9,,'+,2023-10-16 13:02:29,2023-10-16 13:02:29
CCJOBS,RMR,DK,'+,?,,,,'-,0,100,,,2023-10-16 13:02:29,2023-10-16 13:02:29
CCJOBS,RSL,DK,,,,,,,1,105,,'-,2026-04-02 01:02:59,2026-04-02 01:02:59
CCJOBS,RSS,DK,'+,?,*,'+,X,'-,0,33,,'+,2023-10-16 13:02:29,2023-10-16 13:02:29
CCJOBS,RWH,DK,'-,?,*,,,'-,0,37,,'+,2023-10-16 13:02:29,2023-10-16 13:02:29
CCJOBS,RWO,DK,'+,?,*,,,'-,0,36,,'+,2023-10-16 13:02:29,2023-10-16 13:02:29
CCJOBS,SCH,DK,'+,?,*,'+,X,'-,0,51,,'+,2023-10-16 13:02:29,2023-10-16 13:02:29
CCJOBS,SRQ,DK,'+,?,,,,'-,0,20,,,2023-10-16 13:02:29,2023-10-16 13:02:29
CCJOBS,TOR,DK,'+,?,*,'+,X,'-,0,15,,'+,2023-10-16 13:02:29,2023-10-16 13:02:29
CCJOBS,TOU,DK,'+,?,*,'+,X,'+,0,6,,'+,2023-10-16 13:02:29,2023-10-16 13:02:29
CCJOBS,TPL,DK,'+,?,*,'+,X,'-,0,35,,'+,2023-10-16 13:02:29,2023-10-16 13:02:29
CCJOBS,TRL,DK,'+,?,,,,'-,0,60,,,2023-10-16 13:02:29,2023-10-16 13:02:29
CCJOBS,TRTD,DK,'+,?,,,,'-,0,99,,,2023-10-16 13:02:29,2023-10-16 13:02:29
CCJOBS,VBH,DK,'+,?,,'+,,'-,0,50,,'+,2023-10-16 13:02:29,2023-10-16 13:02:29
CCJOBS,WEH,DK,,,,,,,2,103,,,2024-10-03 02:13:01,2024-10-03 02:13:01
CCJOBS,WFE,DK,'+,?,*,,,'-,0,102,,,2023-10-16 13:02:29,2023-10-16 13:02:29
CCJOBS,WKM,DK,'+,?,*,'+,X,'-,0,45,,'+,2023-10-16 13:02:29,2023-10-16 13:02:29
CCJOBS,WOR,DK,'-,?,*,'+,X,'-,0,42,,'+,2023-10-16 13:02:29,2023-10-16 13:02:29
ZJ1000,ACD,DK,'-,?,*,'+,X,'-,1,26,,,2025-10-23 13:36:34,2025-10-23 13:36:34
ZJ1000,ACK,DK,'-,?,*,,,'-,1,40,,,2025-10-23 13:36:34,2025-10-23 13:36:34
ZJ1000,ACO,DK,'-,?,,'+,,'+,1,19,,,2025-10-23 13:36:34,2025-10-23 13:36:34
ZJ1000,ACT,DK,'-,?,*,'+,X,'+,1,4,,'+,2025-10-23 13:36:34,2025-10-23 13:36:34
ZJ1000,ADR,DK,'-,?,*,'+,X,'-,1,25,,,2025-10-23 13:36:34,2025-10-23 13:36:34
ZJ1000,AQU,DK,'-,?,,'+,X,'-,1,28,,'+,2025-10-23 13:36:34,2025-10-23 13:36:34
ZJ1000,BOO,DK,'-,?,,'+,,'+,1,5,,'+,2025-10-23 13:36:34,2025-10-23 13:36:34
ZJ1000,CEC,DK,'-,?,,,,'-,1,56,,,2025-10-23 13:36:34,2025-10-23 13:36:34
ZJ1000,CGO,DK,'-,?,*,,,'-,1,34,,,2025-10-23 13:37:28,2025-10-23 13:37:28
ZJ1000,CLC,DK,'-,?,*,'+,X,'-,1,49,,,2025-10-23 13:36:34,2025-10-23 13:36:34
ZJ1000,CLO,DK,'-,?,*,'+,X,'+,1,7,,,2025-10-23 13:36:34,2025-10-23 13:36:34
ZJ1000,CMT,DK,'+,?,*,'+,X,'+,2,3,,,2025-10-23 13:36:58,2025-10-23 13:36:58
ZJ1000,CST,DK,'-,?,,,,'+,1,13,,,2025-10-23 13:36:34,2025-10-23 13:36:34
ZJ1000,CTR,DK,'-,?,,,,'-,1,24,,,2025-10-23 13:36:34,2025-10-23 13:36:34
ZJ1000,CWO,DK,'-,?,*,'+,X,,1,16,,'+,2025-10-23 13:36:34,2025-10-23 13:36:34
ZJ1000,DAE,DK,'-,?,*,'+,X,'-,1,53,,,2025-10-23 13:36:34,2025-10-23 13:36:34
ZJ1000,DES,DK,'-,?,*,'+,X,'-,0,22,,,2025-10-23 11:44:13,2025-10-23 11:44:13
ZJ1000,DIW,DK,'-,?,,,,'-,1,47,,,2025-10-23 13:36:34,2025-10-23 13:36:34
ZJ1000,DOC,DK,'+,?,*,'+,X,'+,3,11,,,2025-10-23 13:37:28,2025-10-23 13:37:28
ZJ1000,DPD,DK,,,,,,,1,100,,'+,2026-04-02 01:02:59,2026-04-02 01:02:59
ZJ1000,EAC,DK,'-,?,*,'+,X,'-,1,51,,'+,2025-10-23 13:36:34,2025-10-23 13:36:34
ZJ1000,EER,DK,'-,?,*,'+,X,'-,1,52,,'+,2025-10-23 13:36:34,2025-10-23 13:36:34
ZJ1000,EPO,DK,'-,?,*,'+,X,'-,1,29,,'+,2025-10-23 13:36:34,2025-10-23 13:36:34
ZJ1000,ERC,DK,'-,?,,,,'-,0,21,,,2025-10-23 11:44:13,2025-10-23 11:44:13
ZJ1000,ETP,DK,'-,?,*,'+,X,'-,1,27,,'+,2025-10-23 13:36:34,2025-10-23 13:36:34
ZJ1000,GPH,DK,'-,?,,,,'-,1,38,,,2025-10-23 13:36:34,2025-10-23 13:36:34
ZJ1000,JBL,DK,'-,?,*,'+,X,'-,1,18,,'+,2025-10-23 13:36:34,2025-10-23 13:36:34
ZJ1000,JOB,DK,'-,?,*,'+,X,'-,1,41,,'+,2025-10-23 13:36:34,2025-10-23 13:36:34
ZJ1000,KSF,DK,'-,?,*,'+,X,'-,1,39,,'+,2025-10-23 13:36:34,2025-10-23 13:36:34
ZJ1000,LNO,DK,'-,?,,,,'-,1,44,,,2025-10-23 13:36:34,2025-10-23 13:36:34
ZJ1000,MAP,DK,'-,?,*,,,'-,1,48,,,2025-10-23 13:36:34,2025-10-23 13:36:34
ZJ1000,MDR,DK,'-,?,*,'+,X,'-,1,32,,'+,2025-10-23 13:36:34,2025-10-23 13:36:34
ZJ1000,MEC,DK,'-,?,*,'+,X,'-,1,12,,'+,2025-10-23 13:36:34,2025-10-23 13:36:34
ZJ1000,NCF,DK,'-,?,*,'+,X,'-,1,46,,'+,2025-10-23 13:36:34,2025-10-23 13:36:34
ZJ1000,NCT,DK,'-,?,*,'+,X,'-,1,54,,'+,2025-10-23 13:36:34,2025-10-23 13:36:34
ZJ1000,ORD,DK,'-,?,,,,'-,1,17,,,2025-10-23 13:36:34,2025-10-23 13:36:34
ZJ1000,PAR,DK,'-,?,*,'+,X,'+,1,10,,,2025-10-23 13:36:34,2025-10-23 13:36:34
ZJ1000,PAS,DK,'-,?,*,'+,X,'-,1,23,,'+,2025-10-23 13:36:34,2025-10-23 13:36:34
ZJ1000,PEV,DK,'-,?,*,'+,,,1,30,,'+,2025-10-23 13:36:34,2025-10-23 13:36:34
ZJ1000,PFA,DK,'-,?,*,'+,X,'-,1,31,,'+,2025-10-23 13:36:34,2025-10-23 13:36:34
ZJ1000,PLA,DK,'-,?,*,'+,X,'-,1,43,,'+,2025-10-23 13:36:34,2025-10-23 13:36:34
ZJ1000,REA,DK,'-,?,*,'+,X,,1,9,,'+,2025-10-23 13:36:34,2025-10-23 13:36:34
ZJ1000,RMR,DK,'-,?,,,,'-,1,55,,,2025-10-23 13:36:34,2025-10-23 13:36:34
ZJ1000,RSL,DK,,,,,,,1,101,,'-,2026-04-02 01:02:59,2026-04-02 01:02:59
ZJ1000,RSS,DK,'-,?,*,'+,X,'-,1,33,,'+,2025-10-23 13:36:34,2025-10-23 13:36:34
ZJ1000,RWH,DK,'-,?,*,,,'-,1,37,,'+,2025-10-23 13:36:34,2025-10-23 13:36:34
ZJ1000,RWO,DK,'-,?,*,,,'-,1,36,,'+,2025-10-23 13:36:34,2025-10-23 13:36:34
ZJ1000,SCH,DK,'-,?,*,'+,X,,1,8,,'+,2025-10-23 13:36:34,2025-10-23 13:36:34
ZJ1000,SRQ,DK,'-,?,,,,'-,1,20,,,2025-10-23 13:36:34,2025-10-23 13:36:34
ZJ1000,TOR,DK,'-,?,*,'+,X,'-,1,15,,'+,2025-10-23 13:36:34,2025-10-23 13:36:34
ZJ1000,TOU,DK,'-,?,*,'+,X,'-,1,14,,'+,2025-10-23 13:37:28,2025-10-23 13:37:28
ZJ1000,TPL,DK,'-,?,*,'+,X,'-,1,35,,'+,2025-10-23 13:36:34,2025-10-23 13:36:34
ZJ1000,TRL,DK,'-,?,,,,'-,1,50,,,2025-10-23 13:37:28,2025-10-23 13:37:28
ZJ1000,TRTD,DK,'+,?,,,,'-,0,99,,,2025-10-23 11:44:13,2025-10-23 11:44:13
ZJ1000,UT1,DK,'-,?,*,'+,X,,1,57,,,2025-10-23 13:36:34,2025-10-23 13:36:34
ZJ1000,UT2,DK,'-,?,*,'+,X,,1,60,,,2025-10-23 13:36:34,2025-10-23 13:36:34
ZJ1000,VBH,DK,'-,?,,'+,,'-,1,6,,'+,2025-10-23 13:36:34,2025-10-23 13:36:34
ZJ1000,WEH,DK,'+,?,,,,'-,1,58,,,2025-10-23 13:36:58,2025-10-23 13:36:58
ZJ1000,WFE,DK,'+,?,*,,,'+,2,57,,,2025-10-23 13:37:28,2025-10-23 13:37:28
ZJ1000,WKM,DK,'-,?,*,'+,X,'-,1,45,,'+,2025-10-23 13:37:29,2025-10-23 13:37:29
ZJ1000,WOR,DK,'-,?,*,'+,X,'-,1,42,,'+,2025-10-23 13:36:34,2025-10-23 13:36:34
